iso3,langKey,langEn,langTh,program,titleEn,titleTh,playUrl,downloadZipUrl,downloadTrack001Url,shareProgUrl
AEU,,Akeu,อาเคอะ,62808,Good News,ข่าวประเสริฐ,fivefish.org/T62808,https://files.globalrecordings.net/files/set/mp3-low/62808.zip,fivefish.org/T62808-001.mp3,5fi.sh/T62808
AHK,,Akha,อาข่า,6760,Words of Life 1,พระคำแห่งชีวิต 1,fivefish.org/T6760,https://files.globalrecordings.net/files/set/mp3-low/6760.zip,fivefish.org/T6760-001.mp3,5fi.sh/T6760
AHK,,Akha,อาข่า,6761,Words of Life 2,พระคำแห่งชีวิต 2,fivefish.org/T6761,https://files.globalrecordings.net/files/set/mp3-low/6761.zip,fivefish.org/T6761-001.mp3,5fi.sh/T6761
AHK,,Akha Thailand,อาข่า ประเทศไทย,74874,Good News,ข่าวประเสริฐ,fivefish.org/T74874,https://files.globalrecordings.net/files/set/mp3-low/74874.zip,fivefish.org/T74874-001.mp3,5fi.sh/T74874
AHK,,Akha Thailand,อาข่า ประเทศไทย,6850,Words of Life,พระคำแห่งชีวิต,fivefish.org/T6850,https://files.globalrecordings.net/files/set/mp3-low/6850.zip,fivefish.org/T6850-001.mp3,5fi.sh/T6850
CTG,,Bangla Chittagonian,บังกลา ชิตตาโกเนียน,62691,LLL 1 Beginning with GOD,LLL 1 เริ่มต้นกับพระเจ้า,fivefish.org/T62691,https://files.globalrecordings.net/files/set/mp3-low/62691.zip,fivefish.org/T62691-001.mp3,5fi.sh/T62691
CTG,,Bangla Chittagonian,บังกลา ชิตตาโกเนียน,75171,LLL 2 Mighty Men of GOD,LLL 2 ผู้ได้รับอำนาจจากพระเจ้า,fivefish.org/T75171,https://files.globalrecordings.net/files/set/mp3-low/75171.zip,fivefish.org/T75171-001.mp3,5fi.sh/T75171
CTG,,Bangla Chittagonian,บังกลา ชิตตาโกเนียน,62692,LLL 3 Victory through GOD,LLL 3 ชัยชนะโดยพระเจ้า,fivefish.org/T62692,https://files.globalrecordings.net/files/set/mp3-low/62692.zip,fivefish.org/T62692-001.mp3,5fi.sh/T62692
CTG,,Bangla Chittagonian,บังกลา ชิตตาโกเนียน,62695,LLL 4 Servants of GOD,LLL 4 ผู้รับใช้ของพระเจ้า,fivefish.org/T62695,https://files.globalrecordings.net/files/set/mp3-low/62695.zip,fivefish.org/T62695-001.mp3,5fi.sh/T62695
CTG,,Bangla Chittagonian,บังกลา ชิตตาโกเนียน,62710,LLL 5 On Trial for GOD,LLL 5 การทดสอบเพื่อพระเจ้า,fivefish.org/T62710,https://files.globalrecordings.net/files/set/mp3-low/62710.zip,fivefish.org/T62710-001.mp3,5fi.sh/T62710
CTG,,Bangla Chittagonian,บังกลา ชิตตาโกเนียน,62834,LLL 6 JESUS - Teacher & Healer,LLL 6 พระเยซูเป็นผู้สอนและผู้รักษา,fivefish.org/T62834,https://files.globalrecordings.net/files/set/mp3-low/62834.zip,fivefish.org/T62834-001.mp3,5fi.sh/T62834
CTG,,Bangla Chittagonian,บังกลา ชิตตาโกเนียน,75170,LLL 8 Acts of the HOLY SPIRIT,LLL 8 การงานของพระวิญญาณบริสุทธิ์,fivefish.org/T75170,https://files.globalrecordings.net/files/set/mp3-low/75170.zip,fivefish.org/T75170-001.mp3,5fi.sh/T75170
CTG,,Bangla Chittagonian,บังกลา ชิตตาโกเนียน,2760,Words of Life,พระคำแห่งชีวิต,fivefish.org/T2760,https://files.globalrecordings.net/files/set/mp3-low/2760.zip,fivefish.org/T2760-001.mp3,5fi.sh/T2760
BZI,,Bisu,บีซู,33761,Bible Stories (Easy Reader),เรื่องราวในพระคัมภีร์,fivefish.org/T33761,https://files.globalrecordings.net/files/set/mp3-low/33761.zip,fivefish.org/T33761-001.mp3,5fi.sh/T33761
BLR,,Blang-Shan,บลางชาน,29841,Good News,ข่าวประเสริฐ,fivefish.org/T29841,https://files.globalrecordings.net/files/set/mp3-low/29841.zip,fivefish.org/T29841-001.mp3,5fi.sh/T29841
BLR,,Blang-Shan,บลางชาน,63352,Good News,ข่าวประเสริฐ,fivefish.org/T63352,https://files.globalrecordings.net/files/set/mp3-low/63352.zip,fivefish.org/T63352-001.mp3,5fi.sh/T63352
BLR,,Blang-Shan,บลางชาน,29770,Words of Life 1,พระคำแห่งชีวิต 1,fivefish.org/T29770,https://files.globalrecordings.net/files/set/mp3-low/29770.zip,fivefish.org/T29770-001.mp3,5fi.sh/T29770
BLR,,Blang-Shan,บลางชาน,29771,Words of Life 2,พระคำแห่งชีวิต 2,fivefish.org/T29771,https://files.globalrecordings.net/files/set/mp3-low/29771.zip,fivefish.org/T29771-001.mp3,5fi.sh/T29771
BRU,,Bru Eastern Tri,บรู ตะวันออก ตรี,37411,Genesis Stories 1,ปฐมกาลตอนเรื่องที่ 1,fivefish.org/T37411,https://files.globalrecordings.net/files/set/mp3-low/37411.zip,fivefish.org/T37411-001.mp3,5fi.sh/T37411
BRU,,Bru Eastern Tri,บรู ตะวันออก ตรี,37420,Genesis Stories 2,ปฐมกาลตอนเรื่องที่ 2,fivefish.org/T37420,https://files.globalrecordings.net/files/set/mp3-low/37420.zip,fivefish.org/T37420-001.mp3,5fi.sh/T37420
BRU,,Bru Eastern Tri,บรู ตะวันออก ตรี,37421,Genesis Stories 3,ปฐมกาลตอนเรื่องที่ 3,fivefish.org/T37421,https://files.globalrecordings.net/files/set/mp3-low/37421.zip,fivefish.org/T37421-001.mp3,5fi.sh/T37421
BRU,,Bru Eastern Tri,บรู ตะวันออก ตรี,37410,Words of Life,พระคำแห่งชีวิต,fivefish.org/T37410,https://files.globalrecordings.net/files/set/mp3-low/37410.zip,fivefish.org/T37410-001.mp3,5fi.sh/T37410
BRV,,Bru Western Dong Luang,บรูตะวันตก ดงหลวง,37370,Genesis Stories 1,ปฐมกาลตอนเรื่องที่ 1,fivefish.org/T37370,https://files.globalrecordings.net/files/set/mp3-low/37370.zip,fivefish.org/T37370-001.mp3,5fi.sh/T37370
BRV,,Bru Western Dong Luang,บรูตะวันตก ดงหลวง,37371,Genesis Stories 2,ปฐมกาลตอนเรื่องที่ 2,fivefish.org/T37371,https://files.globalrecordings.net/files/set/mp3-low/37371.zip,fivefish.org/T37371-001.mp3,5fi.sh/T37371
BRV,,Bru Western Dong Luang,บรูตะวันตก ดงหลวง,37380,Genesis Stories 3,ปฐมกาลตอนเรื่องที่ 3,fivefish.org/T37380,https://files.globalrecordings.net/files/set/mp3-low/37380.zip,fivefish.org/T37380-001.mp3,5fi.sh/T37380
BRV,,Bru Western Dong Luang,บรูตะวันตก ดงหลวง,37381,Genesis Stories 4,ปฐมกาลตอนเรื่องที่ 4,fivefish.org/T37381,https://files.globalrecordings.net/files/set/mp3-low/37381.zip,fivefish.org/T37381-001.mp3,5fi.sh/T37381
BRV,,Bru Western Dong Luang,บรูตะวันตก ดงหลวง,37390,Genesis Stories 5,ปฐมกาลตอนเรื่องที่ 5,fivefish.org/T37390,https://files.globalrecordings.net/files/set/mp3-low/37390.zip,fivefish.org/T37390-001.mp3,5fi.sh/T37390
BRV,,Bru Western Dong Luang,บรูตะวันตก ดงหลวง,37391,Genesis Stories 6,ปฐมกาลตอนเรื่องที่ 6,fivefish.org/T37391,https://files.globalrecordings.net/files/set/mp3-low/37391.zip,fivefish.org/T37391-001.mp3,5fi.sh/T37391
BRV,,Bru Western Dong Luang,บรูตะวันตก ดงหลวง,37526,Genesis Stories 7,ปฐมกาลตอนเรื่องที่ 7,fivefish.org/T37526,https://files.globalrecordings.net/files/set/mp3-low/37526.zip,fivefish.org/T37526-001.mp3,5fi.sh/T37526
KHB,,Buguo,บูกูโอ,37401,Words of Life,พระคำแห่งชีวิต,fivefish.org/T37401,https://files.globalrecordings.net/files/set/mp3-low/37401.zip,fivefish.org/T37401-001.mp3,5fi.sh/T37401
MYA,,Burmese,พม่า,80570,Good News,ข่าวประเสริฐ,fivefish.org/T80570,https://files.globalrecordings.net/files/set/mp3-low/80570.zip,fivefish.org/T80570-001.mp3,5fi.sh/T80570
MYA,,Burmese,พม่า,74797,Gospel Songs,เพลงนมัสการ,fivefish.org/T74797,https://files.globalrecordings.net/files/set/mp3-low/74797.zip,fivefish.org/T74797-001.mp3,5fi.sh/T74797
MYA,,Burmese,พม่า,65957,"Jesus, the Refugee",พระเยซู ผู้ลี้ภัย,fivefish.org/T65957,https://files.globalrecordings.net/files/set/mp3-low/65957.zip,fivefish.org/T65957-001.mp3,5fi.sh/T65957
MYA,,Burmese,พม่า,62603,LLL 1 Beginning with GOD,LLL 1 เริ่มต้นกับพระเจ้า,fivefish.org/T62603,https://files.globalrecordings.net/files/set/mp3-low/62603.zip,fivefish.org/T62603-001.mp3,5fi.sh/T62603
MYA,,Burmese,พม่า,62605,LLL 2 Mighty Men of GOD,LLL 2 ผู้ได้รับอำนาจจากพระเจ้า,fivefish.org/T62605,https://files.globalrecordings.net/files/set/mp3-low/62605.zip,fivefish.org/T62605-001.mp3,5fi.sh/T62605
MYA,,Burmese,พม่า,62604,LLL 3 Victory through GOD,LLL 3 ชัยชนะโดยพระเจ้า,fivefish.org/T62604,https://files.globalrecordings.net/files/set/mp3-low/62604.zip,fivefish.org/T62604-001.mp3,5fi.sh/T62604
MYA,,Burmese,พม่า,62606,LLL 4 Servants of GOD,LLL 4 ผู้รับใช้ของพระเจ้า,fivefish.org/T62606,https://files.globalrecordings.net/files/set/mp3-low/62606.zip,fivefish.org/T62606-001.mp3,5fi.sh/T62606
MYA,,Burmese,พม่า,62607,LLL 5 On Trial for GOD,LLL 5 การทดสอบเพื่อพระเจ้า,fivefish.org/T62607,https://files.globalrecordings.net/files/set/mp3-low/62607.zip,fivefish.org/T62607-001.mp3,5fi.sh/T62607
MYA,,Burmese,พม่า,62708,LLL 6 JESUS - Teacher & Healer,LLL 6 พระเยซูเป็นผู้สอนและผู้รักษา,fivefish.org/T62708,https://files.globalrecordings.net/files/set/mp3-low/62708.zip,fivefish.org/T62708-001.mp3,5fi.sh/T62708
MYA,,Burmese,พม่า,62608,LLL 7 JESUS - Lord & Saviour,LLL 7 พระเยซูเป็นพระเจ้าและพระผู้ช่วยให้รอด,fivefish.org/T62608,https://files.globalrecordings.net/files/set/mp3-low/62608.zip,fivefish.org/T62608-001.mp3,5fi.sh/T62608
MYA,,Burmese,พม่า,62609,LLL 8 Acts of the HOLY SPIRIT,LLL 8 การงานของพระวิญญาณบริสุทธิ์,fivefish.org/T62609,https://files.globalrecordings.net/files/set/mp3-low/62609.zip,fivefish.org/T62609-001.mp3,5fi.sh/T62609
MYA,,Burmese,พม่า,74799,Temporal to Eternity Part 1,ชั่วคราวถึงนิรันดร์กาล ตอนที่ 1,fivefish.org/T74799,https://files.globalrecordings.net/files/set/mp3-low/74799.zip,fivefish.org/T74799-001.mp3,5fi.sh/T74799
MYA,,Burmese,พม่า,74798,Temporal to Eternity Part 2,ชั่วคราวถึงนิรันดร์กาล ตอนที่ 2,fivefish.org/T74798,https://files.globalrecordings.net/files/set/mp3-low/74798.zip,fivefish.org/T74798-001.mp3,5fi.sh/T74798
MYA,,Burmese,พม่า,80864,The Living Christ - Lessons 1 & 2,ชีวิตของพระคริสต์ - บทที่ 1 & 2,fivefish.org/T80864,https://files.globalrecordings.net/files/set/mp3-low/80864.zip,fivefish.org/T80864-001.mp3,5fi.sh/T80864
MYA,,Burmese,พม่า,62602,The Living Christ - Lessons 3 & 4,ชีวิตของพระคริสต์ - บทที่ 3 & 4,fivefish.org/T62602,https://files.globalrecordings.net/files/set/mp3-low/62602.zip,fivefish.org/T62602-001.mp3,5fi.sh/T62602
MYA,,Burmese,พม่า,80851,The Living Christ 1-63,ชีวิตของพระคริสต์ 1-63,fivefish.org/T80851,https://files.globalrecordings.net/files/set/mp3-low/80851.zip,fivefish.org/T80851-001.mp3,5fi.sh/T80851
MYA,,Burmese,พม่า,80852,The Living Christ 64 - 120,ชีวิตของพระคริสต์ 64 - 120,fivefish.org/T80852,https://files.globalrecordings.net/files/set/mp3-low/80852.zip,fivefish.org/T80852-001.mp3,5fi.sh/T80852
MYA,,Burmese,พม่า,3240,Words of Life,พระคำแห่งชีวิต,fivefish.org/T3240,https://files.globalrecordings.net/files/set/mp3-low/3240.zip,fivefish.org/T3240-001.mp3,5fi.sh/T3240
YUE,,Cantonese,จีนกวางตุ้ง,14200,Good News,ข่าวประเสริฐ,fivefish.org/T14200,https://files.globalrecordings.net/files/set/mp3-low/14200.zip,fivefish.org/T14200-001.mp3,5fi.sh/T14200
YUE,,Cantonese,จีนกวางตุ้ง,70590,LLL 1 Beginning with GOD,LLL 1 เริ่มต้นกับพระเจ้า,fivefish.org/T70590,https://files.globalrecordings.net/files/set/mp3-low/70590.zip,fivefish.org/T70590-001.mp3,5fi.sh/T70590
YUE,,Cantonese,จีนกวางตุ้ง,70600,LLL 2 Mighty Men of GOD,LLL 2 ผู้ได้รับอำนาจจากพระเจ้า,fivefish.org/T70600,https://files.globalrecordings.net/files/set/mp3-low/70600.zip,fivefish.org/T70600-001.mp3,5fi.sh/T70600
YUE,,Cantonese,จีนกวางตุ้ง,80172,LLL 3 Victory through GOD,LLL 3 ชัยชนะโดยพระเจ้า,fivefish.org/T80172,https://files.globalrecordings.net/files/set/mp3-low/80172.zip,fivefish.org/T80172-001.mp3,5fi.sh/T80172
YUE,,Cantonese,จีนกวางตุ้ง,80245,LLL 4 Servants of GOD,LLL 4 ผู้รับใช้ของพระเจ้า,fivefish.org/T80245,https://files.globalrecordings.net/files/set/mp3-low/80245.zip,fivefish.org/T80245-001.mp3,5fi.sh/T80245
YUE,,Cantonese,จีนกวางตุ้ง,62456,LLL 5 On Trial for GOD,LLL 5 การทดสอบเพื่อพระเจ้า,fivefish.org/T62456,https://files.globalrecordings.net/files/set/mp3-low/62456.zip,fivefish.org/T62456-001.mp3,5fi.sh/T62456
YUE,,Cantonese,จีนกวางตุ้ง,70610,LLL 6 JESUS - Teacher & Healer,LLL 6 พระเยซูเป็นผู้สอนและผู้รักษา,fivefish.org/T70610,https://files.globalrecordings.net/files/set/mp3-low/70610.zip,fivefish.org/T70610-001.mp3,5fi.sh/T70610
YUE,,Cantonese,จีนกวางตุ้ง,62457,LLL 7 JESUS - Lord & Saviour,LLL 7 พระเยซูเป็นพระเจ้าและพระผู้ช่วยให้รอด,fivefish.org/T62457,https://files.globalrecordings.net/files/set/mp3-low/62457.zip,fivefish.org/T62457-001.mp3,5fi.sh/T62457
YUE,,Cantonese,จีนกวางตุ้ง,70620,LLL 8 Acts of the HOLY SPIRIT,LLL 8 การงานของพระวิญญาณบริสุทธิ์,fivefish.org/T70620,https://files.globalrecordings.net/files/set/mp3-low/70620.zip,fivefish.org/T70620-001.mp3,5fi.sh/T70620
YUE,,Cantonese,จีนกวางตุ้ง,30011,Portrait of Jesus,ชีวิตของพระเยซู,fivefish.org/T30011,https://files.globalrecordings.net/files/set/mp3-low/30011.zip,fivefish.org/T30011-001.mp3,5fi.sh/T30011
YUE,,Cantonese,จีนกวางตุ้ง,2890,Words of Life 1,พระคำแห่งชีวิต 1,fivefish.org/T2890,https://files.globalrecordings.net/files/set/mp3-low/2890.zip,fivefish.org/T2890-001.mp3,5fi.sh/T2890
YUE,,Cantonese,จีนกวางตุ้ง,2891,Words of Life 2,พระคำแห่งชีวิต 2,fivefish.org/T2891,https://files.globalrecordings.net/files/set/mp3-low/2891.zip,fivefish.org/T2891-001.mp3,5fi.sh/T2891
YUE,,Cantonese,จีนกวางตุ้ง,13250,Words of Life 3,พระคำแห่งชีวิต 3,fivefish.org/T13250,https://files.globalrecordings.net/files/set/mp3-low/13250.zip,fivefish.org/T13250-001.mp3,5fi.sh/T13250
YUE,,Cantonese,จีนกวางตุ้ง,20340,Words of Life for Children,พระคำแห่งชีวิตสำหรับเด็ก,fivefish.org/T20340,https://files.globalrecordings.net/files/set/mp3-low/20340.zip,fivefish.org/T20340-001.mp3,5fi.sh/T20340
CJA,,Cham Cambodia,ชาม กัมพูชา,3410,Words of Life,พระคำแห่งชีวิต,fivefish.org/T3410,https://files.globalrecordings.net/files/set/mp3-low/3410.zip,fivefish.org/T3410-001.mp3,5fi.sh/T3410
CMN,,Chinese Huang Yuan,จีนหวงเยวียน,31891,Words of Life,พระคำแห่งชีวิต,fivefish.org/T31891,https://files.globalrecordings.net/files/set/mp3-low/31891.zip,fivefish.org/T31891-001.mp3,5fi.sh/T31891
CMN,,Chinese Hubei Chongyanghua,จีนเหอเป่ยฉงหยางหัว,31111,Becoming a Friend of God,เป็นเพื่อนของพระเจ้า,fivefish.org/T31111,https://files.globalrecordings.net/files/set/mp3-low/31111.zip,fivefish.org/T31111-001.mp3,5fi.sh/T31111
CMN,,Chinese Hubei Dangyanghua,จีนเหอเป่ยตังแย่งหัว,30170,Becoming a Friend of God,เป็นเพื่อนของพระเจ้า,fivefish.org/T30170,https://files.globalrecordings.net/files/set/mp3-low/30170.zip,fivefish.org/T30170-001.mp3,5fi.sh/T30170
CMN,,Chinese Hubei Wuhandayehua,จีนเหอเป่ยวูฮั่นตาเยหัว,30630,Becoming a Friend of God,เป็นเพื่อนของพระเจ้า,fivefish.org/T30630,https://files.globalrecordings.net/files/set/mp3-low/30630.zip,fivefish.org/T30630-001.mp3,5fi.sh/T30630
CMN,,Chinese Liansan,จีนเหลียนซาน,29501,Becoming a Friend of God,เป็นเพื่อนของพระเจ้า,fivefish.org/T29501,https://files.globalrecordings.net/files/set/mp3-low/29501.zip,fivefish.org/T29501-001.mp3,5fi.sh/T29501
CMN,,Chinese Min Zhou,จีนมินโจ,31900,Words of Life,พระคำแห่งชีวิต,fivefish.org/T31900,https://files.globalrecordings.net/files/set/mp3-low/31900.zip,fivefish.org/T31900-001.mp3,5fi.sh/T31900
CMN,,Chinese Ningxia,จีนหนิงเซีย,25310,Words of Life,พระคำแห่งชีวิต,fivefish.org/T25310,https://files.globalrecordings.net/files/set/mp3-low/25310.zip,fivefish.org/T25310-001.mp3,5fi.sh/T25310
CMN,,Chinese Sichuan,จีนซื่อชวน,27500,Words of Life,พระคำแห่งชีวิต,fivefish.org/T27500,https://files.globalrecordings.net/files/set/mp3-low/27500.zip,fivefish.org/T27500-001.mp3,5fi.sh/T27500
CMN,,Chinese Zang Ye,จีนจางเย,31870,Words of Life,พระคำแห่งชีวิต,fivefish.org/T31870,https://files.globalrecordings.net/files/set/mp3-low/31870.zip,fivefish.org/T31870-001.mp3,5fi.sh/T31870
COG,,Chong,ชอง,64447,Good News,ข่าวประเสริฐ,fivefish.org/T64447,https://files.globalrecordings.net/files/set/mp3-low/64447.zip,fivefish.org/T64447-001.mp3,5fi.sh/T64447
PCE,,Deang Hongfenglong,เดียง ฮองแฟงกลอง,31030,Good News,ข่าวประเสริฐ,fivefish.org/T31030,https://files.globalrecordings.net/files/set/mp3-low/31030.zip,fivefish.org/T31030-001.mp3,5fi.sh/T31030
PCE,,Deang Hongfenglong,เดียง ฮองแฟงกลอง,31020,Words of Life,พระคำแห่งชีวิต,fivefish.org/T31020,https://files.globalrecordings.net/files/set/mp3-low/31020.zip,fivefish.org/T31020-001.mp3,5fi.sh/T31020
ENG,,English Australia,อังกฤษ ออสเตรเลีย,29270,Faith by Hearing,ความเชื่อเกิดขึ้นเพราะการได้ยิน,fivefish.org/T29270,https://files.globalrecordings.net/files/set/mp3-low/29270.zip,fivefish.org/T29270-001.mp3,5fi.sh/T29270
ENG,,English USA,อังกฤษ สหรัฐอเมริกา,64560,Good News,ข่าวประเสริฐ,fivefish.org/T64560,https://files.globalrecordings.net/files/set/mp3-low/64560.zip,fivefish.org/T64560-001.mp3,5fi.sh/T64560
ENG,,English USA,อังกฤษ สหรัฐอเมริกา,65955,"Jesus, the Refugee",พระเยซู ผู้ลี้ภัย,fivefish.org/T65955,https://files.globalrecordings.net/files/set/mp3-low/65955.zip,fivefish.org/T65955-001.mp3,5fi.sh/T65955
ENG,,English USA,อังกฤษ สหรัฐอเมริกา,65688,LLL 1 Beginning with GOD,LLL 1 เริ่มต้นกับพระเจ้า,fivefish.org/T65688,https://files.globalrecordings.net/files/set/mp3-low/65688.zip,fivefish.org/T65688-001.mp3,5fi.sh/T65688
ENG,,English USA,อังกฤษ สหรัฐอเมริกา,65689,LLL 2 Mighty Men of GOD,LLL 2 ผู้ได้รับอำนาจจากพระเจ้า,fivefish.org/T65689,https://files.globalrecordings.net/files/set/mp3-low/65689.zip,fivefish.org/T65689-001.mp3,5fi.sh/T65689
ENG,,English USA,อังกฤษ สหรัฐอเมริกา,65761,LLL 3 Victory through GOD,LLL 3 ชัยชนะโดยพระเจ้า,fivefish.org/T65761,https://files.globalrecordings.net/files/set/mp3-low/65761.zip,fivefish.org/T65761-001.mp3,5fi.sh/T65761
ENG,,English USA,อังกฤษ สหรัฐอเมริกา,65762,LLL 4 Servants of GOD,LLL 4 ผู้รับใช้ของพระเจ้า,fivefish.org/T65762,https://files.globalrecordings.net/files/set/mp3-low/65762.zip,fivefish.org/T65762-001.mp3,5fi.sh/T65762
ENG,,English USA,อังกฤษ สหรัฐอเมริกา,65763,LLL 5 On Trial for GOD,LLL 5 การทดสอบเพื่อพระเจ้า,fivefish.org/T65763,https://files.globalrecordings.net/files/set/mp3-low/65763.zip,fivefish.org/T65763-001.mp3,5fi.sh/T65763
ENG,,English USA,อังกฤษ สหรัฐอเมริกา,65764,LLL 6 JESUS - Teacher & Healer,LLL 6 พระเยซูเป็นผู้สอนและผู้รักษา,fivefish.org/T65764,https://files.globalrecordings.net/files/set/mp3-low/65764.zip,fivefish.org/T65764-001.mp3,5fi.sh/T65764
ENG,,English USA,อังกฤษ สหรัฐอเมริกา,65765,LLL 7 JESUS - Lord & Saviour,LLL 7 พระเยซูเป็นพระเจ้าและพระผู้ช่วยให้รอด,fivefish.org/T65765,https://files.globalrecordings.net/files/set/mp3-low/65765.zip,fivefish.org/T65765-001.mp3,5fi.sh/T65765
ENG,,English USA,อังกฤษ สหรัฐอเมริกา,65766,LLL 8 Acts of the HOLY SPIRIT,LLL 8 การงานของพระวิญญาณบริสุทธิ์,fivefish.org/T65766,https://files.globalrecordings.net/files/set/mp3-low/65766.zip,fivefish.org/T65766-001.mp3,5fi.sh/T65766
CDO,,Foochow Colloquial Chinese,จีนฟูฉาว,3630,Words of Life,พระคำแห่งชีวิต,fivefish.org/T3630,https://files.globalrecordings.net/files/set/mp3-low/3630.zip,fivefish.org/T3630-001.mp3,5fi.sh/T3630
CMN,,Guiliu,กุยเลียว,28330,Becoming a Friend of God,กลายเป็นเพื่อนของพระเจ้า,fivefish.org/T28330,https://files.globalrecordings.net/files/set/mp3-low/28330.zip,fivefish.org/T28330-001.mp3,5fi.sh/T28330
CMN,,Guiliu,กุยเลียว,80909,Good News,ข่าวประเสริฐ,fivefish.org/T80909,https://files.globalrecordings.net/files/set/mp3-low/80909.zip,fivefish.org/T80909-001.mp3,5fi.sh/T80909
NAN,,Hainanese,จีนไหหนาน,30741,Portrait of Jesus 1,ชีวิตของพระเยซู 1,fivefish.org/T30741,https://files.globalrecordings.net/files/set/mp3-low/30741.zip,fivefish.org/T30741-001.mp3,5fi.sh/T30741
NAN,,Hainanese,จีนไหหนาน,30750,Portrait of Jesus 2,ชีวิตของพระเยซู 2,fivefish.org/T30750,https://files.globalrecordings.net/files/set/mp3-low/30750.zip,fivefish.org/T30750-001.mp3,5fi.sh/T30750
NAN,,Hainanese,จีนไหหนาน,3600,Words of Life 1,พระคำแห่งชีวิต 1,fivefish.org/T3600,https://files.globalrecordings.net/files/set/mp3-low/3600.zip,fivefish.org/T3600-001.mp3,5fi.sh/T3600
NAN,,Hainanese,จีนไหหนาน,18870,Words of Life 2,พระคำแห่งชีวิต 2,fivefish.org/T18870,https://files.globalrecordings.net/files/set/mp3-low/18870.zip,fivefish.org/T18870-001.mp3,5fi.sh/T18870
HAK,,Hakka,จีนแคะ,17390,Good News,ข่าวประเสริฐ,fivefish.org/T17390,https://files.globalrecordings.net/files/set/mp3-low/17390.zip,fivefish.org/T17390-001.mp3,5fi.sh/T17390
HAK,,Hakka,จีนแคะ,2590,Words of Life,พระคำแห่งชีวิต,fivefish.org/T2590,https://files.globalrecordings.net/files/set/mp3-low/2590.zip,fivefish.org/T2590-001.mp3,5fi.sh/T2590
HNJ,,Hmong Blue,ม้งเขียว,37698,Creation to Christ,ตั้งแต่การสร้างจนถึงพระคริสต์,fivefish.org/T37698,https://files.globalrecordings.net/files/set/mp3-low/37698.zip,fivefish.org/T37698-001.mp3,5fi.sh/T37698
HNJ,,Hmong Blue,ม้งเขียว,62596,Good News,ข่าวประเสริฐ,fivefish.org/T62596,https://files.globalrecordings.net/files/set/mp3-low/62596.zip,fivefish.org/T62596-001.mp3,5fi.sh/T62596
HNJ,,Hmong Blue,ม้งเขียว,33020,Portrait of Jesus 1,ชีวิตของพระเยซู 1,fivefish.org/T33020,https://files.globalrecordings.net/files/set/mp3-low/33020.zip,fivefish.org/T33020-001.mp3,5fi.sh/T33020
HNJ,,Hmong Blue,ม้งเขียว,33201,Portrait of Jesus 2,ชีวิตของพระเยซู 2,fivefish.org/T33201,https://files.globalrecordings.net/files/set/mp3-low/33201.zip,fivefish.org/T33201-001.mp3,5fi.sh/T33201
HNJ,,Hmong Blue,ม้งเขียว,27191,Songs,เพลง,fivefish.org/T27191,https://files.globalrecordings.net/files/set/mp3-low/27191.zip,fivefish.org/T27191-001.mp3,5fi.sh/T27191
MWW,,Hmong Shuad,ม้งชวด,37600,Jesus Story 1 of 2,เรื่องราวของพระเยซู 1 of 2,fivefish.org/T37600,https://files.globalrecordings.net/files/set/mp3-low/37600.zip,fivefish.org/T37600-001.mp3,5fi.sh/T37600
MWW,,Hmong Shuad,ม้งชวด,37601,Jesus Story 2 of 2,เรื่องราวของพระเยซู 2 of 2,fivefish.org/T37601,https://files.globalrecordings.net/files/set/mp3-low/37601.zip,fivefish.org/T37601-001.mp3,5fi.sh/T37601
MWW,,Hmong White,ม้งขาว,3181,Ballads,เพลง,fivefish.org/T3181,https://files.globalrecordings.net/files/set/mp3-low/3181.zip,fivefish.org/T3181-001.mp3,5fi.sh/T3181
MWW,,Hmong White,ม้งขาว,37699,Christian Life 1,ชีวิตคริสเตียน 1,fivefish.org/T37699,https://files.globalrecordings.net/files/set/mp3-low/37699.zip,fivefish.org/T37699-001.mp3,5fi.sh/T37699
MWW,,Hmong White,ม้งขาว,37758,Christian Life 2,ชีวิตคริสเตียน 2,fivefish.org/T37758,https://files.globalrecordings.net/files/set/mp3-low/37758.zip,fivefish.org/T37758-001.mp3,5fi.sh/T37758
MWW,,Hmong White,ม้งขาว,37759,Christian Life 3 - Armor of GOD & Giving,ชีวิตคริสเตียน 3 – ยุทธภัณฑ์ของพระเจ้าและการถวาย,fivefish.org/T37759,https://files.globalrecordings.net/files/set/mp3-low/37759.zip,fivefish.org/T37759-001.mp3,5fi.sh/T37759
MWW,,Hmong White,ม้งขาว,37760,Christian Life 4,ชีวิตคริสเตียน 4,fivefish.org/T37760,https://files.globalrecordings.net/files/set/mp3-low/37760.zip,fivefish.org/T37760-001.mp3,5fi.sh/T37760
MWW,,Hmong White,ม้งขาว,37761,Christian Life 5,ชีวิตคริสเตียน 5,fivefish.org/T37761,https://files.globalrecordings.net/files/set/mp3-low/37761.zip,fivefish.org/T37761-001.mp3,5fi.sh/T37761
MWW,,Hmong White,ม้งขาว,37700,Creation to Christ,ตั้งแต่การสร้างจนถึงพระคริสต์,fivefish.org/T37700,https://files.globalrecordings.net/files/set/mp3-low/37700.zip,fivefish.org/T37700-001.mp3,5fi.sh/T37700
MWW,,Hmong White,ม้งขาว,62956,"New Birth 1: Know God, Devil, Yourself",บังเกิดใหม่ 1 รู้จักพระเจ้า มารซาตานและตัวเอง,fivefish.org/T62956,https://files.globalrecordings.net/files/set/mp3-low/62956.zip,fivefish.org/T62956-001.mp3,5fi.sh/T62956
MWW,,Hmong White,ม้งขาว,37752,New Birth 2: Trust Jesus,บังเกิดใหม่ 2 วางใจในพระเยซู,fivefish.org/T37752,https://files.globalrecordings.net/files/set/mp3-low/37752.zip,fivefish.org/T37752-001.mp3,5fi.sh/T37752
MWW,,Hmong White,ม้งขาว,27261,Songs 1,เพลง 1,fivefish.org/T27261,https://files.globalrecordings.net/files/set/mp3-low/27261.zip,fivefish.org/T27261-001.mp3,5fi.sh/T27261
MWW,,Hmong White,ม้งขาว,27181,Songs 2,เพลง 2,fivefish.org/T27181,https://files.globalrecordings.net/files/set/mp3-low/27181.zip,fivefish.org/T27181-001.mp3,5fi.sh/T27181
MWW,,Hmong White,ม้งขาว,27190,Songs 3,เพลง 3,fivefish.org/T27190,https://files.globalrecordings.net/files/set/mp3-low/27190.zip,fivefish.org/T27190-001.mp3,5fi.sh/T27190
MWW,,Hmong White,ม้งขาว,13240,Words of Life 2,พระคำแห่งชีวิต 2,fivefish.org/T13240,https://files.globalrecordings.net/files/set/mp3-low/13240.zip,fivefish.org/T13240-001.mp3,5fi.sh/T13240
CMN,,Hui,ฮุย,38079,The Straight Path,เส้นทางตรง,fivefish.org/T38079,https://files.globalrecordings.net/files/set/mp3-low/38079.zip,fivefish.org/T38079-001.mp3,5fi.sh/T38079
CMN,,Hui,ฮุย,37731,The Straight Path 01 - 30,เส้นทางตรง 01 - 30,fivefish.org/T37731,https://files.globalrecordings.net/files/set/mp3-low/37731.zip,fivefish.org/T37731-001.mp3,5fi.sh/T37731
IUM,,Iu Mien,อิ้วเมี่ยน,33010,Portrait of Jesus 1,ชีวิตของพระเยซู 1,fivefish.org/T33010,https://files.globalrecordings.net/files/set/mp3-low/33010.zip,fivefish.org/T33010-001.mp3,5fi.sh/T33010
IUM,,Iu Mien,อิ้วเมี่ยน,33011,Portrait of Jesus 2,ชีวิตของพระเยซู 2,fivefish.org/T33011,https://files.globalrecordings.net/files/set/mp3-low/33011.zip,fivefish.org/T33011-001.mp3,5fi.sh/T33011
IUM,,Iu Mien,อิ้วเมี่ยน,38205,The Two Ways,สองทางเลือก,fivefish.org/T38205,https://files.globalrecordings.net/files/set/mp3-low/38205.zip,fivefish.org/T38205-001.mp3,5fi.sh/T38205
IUM,,Iu Mien,อิ้วเมี่ยน,5261,Words of Life 2,พระคำแห่งชีวิต 2,fivefish.org/T5261,https://files.globalrecordings.net/files/set/mp3-low/5261.zip,fivefish.org/T5261-001.mp3,5fi.sh/T5261
JPN,,Japanese,ญี่ปุ่น,63085,LLL 6 JESUS - Teacher & Healer,LLL 6 พระเยซูเป็นผู้สอนและผู้รักษา,fivefish.org/T63085,https://files.globalrecordings.net/files/set/mp3-low/63085.zip,fivefish.org/T63085-001.mp3,5fi.sh/T63085
JPN,,Japanese,ญี่ปุ่น,32531,My Heart for You w/ English,สิ่งที่ใจฉันต้องการสำหรับคุณ,fivefish.org/T32531,https://files.globalrecordings.net/files/set/mp3-low/32531.zip,fivefish.org/T32531-001.mp3,5fi.sh/T32531
JPN,,Japanese,ญี่ปุ่น,37280,Portrait of Jesus 1,ชีวิตของพระเยซู 1,fivefish.org/T37280,https://files.globalrecordings.net/files/set/mp3-low/37280.zip,fivefish.org/T37280-001.mp3,5fi.sh/T37280
JPN,,Japanese,ญี่ปุ่น,37281,Portrait of Jesus 2,ชีวิตของพระเยซู 2,fivefish.org/T37281,https://files.globalrecordings.net/files/set/mp3-low/37281.zip,fivefish.org/T37281-001.mp3,5fi.sh/T37281
KAC,,Kachin,คะฉิ่น,80573,Good News,ข่าวประเสริฐ,fivefish.org/T80573,https://files.globalrecordings.net/files/set/mp3-low/80573.zip,fivefish.org/T80573-001.mp3,5fi.sh/T80573
KAC,,Kachin,คะฉิ่น,66535,"Jesus, the Refugee",พระเยซู ผู้ลี้ภัย,fivefish.org/T66535,https://files.globalrecordings.net/files/set/mp3-low/66535.zip,fivefish.org/T66535-001.mp3,5fi.sh/T66535
KAC,,Kachin,คะฉิ่น,6100,Word of Life,พระคำแห่งชีวิต,fivefish.org/T6100,https://files.globalrecordings.net/files/set/mp3-low/6100.zip,fivefish.org/T6100-001.mp3,5fi.sh/T6100
BWE,,Karen Bwe,กะเหรี่ยงบะเว,80870,Good News,ข่าวประเสริฐ,fivefish.org/T80870,https://files.globalrecordings.net/files/set/mp3-low/80870.zip,fivefish.org/T80870-001.mp3,5fi.sh/T80870
BWE,,Karen Bwe,กะเหรี่ยงบะเว,9310,Words of Life,พระคำแห่งชีวิต,fivefish.org/T9310,https://files.globalrecordings.net/files/set/mp3-low/9310.zip,fivefish.org/T9310-001.mp3,5fi.sh/T9310
BLK,,Karen Pa'o Moulmein,กะเหรี่ยงปะโอ เมาะลำเลิง,9340,Words of Life,พระคำแห่งชีวิต,fivefish.org/T9340,https://files.globalrecordings.net/files/set/mp3-low/9340.zip,fivefish.org/T9340-001.mp3,5fi.sh/T9340
BLK,,Karen Pa'o Southern,กะเหรี่ยงปะโอ ใต้,80827,Good News,ข่าวประเสริฐ,fivefish.org/T80827,https://files.globalrecordings.net/files/set/mp3-low/80827.zip,fivefish.org/T80827-001.mp3,5fi.sh/T80827
BLK,,Karen Pa'o Southern,กะเหรี่ยงปะโอ ใต้,6751,Words of Life,พระคำแห่งชีวิต,fivefish.org/T6751,https://files.globalrecordings.net/files/set/mp3-low/6751.zip,fivefish.org/T6751-001.mp3,5fi.sh/T6751
KJP,,Karen Pwo Eastern,กะเหรี่ยงโป ตะวันออก,62599,Good News,ข่าวประเสริฐ,fivefish.org/T62599,https://files.globalrecordings.net/files/set/mp3-low/62599.zip,fivefish.org/T62599-001.mp3,5fi.sh/T62599
KJP,,Karen Pwo Eastern Kanjanaburi,กะเหรี่ยงโป ตะวันออก กาญจบุรี,9320,Words of Life 1,พระคำแห่งชีวิต 1,fivefish.org/T9320,https://files.globalrecordings.net/files/set/mp3-low/9320.zip,fivefish.org/T9320-001.mp3,5fi.sh/T9320
KJP,,Karen Pwo Eastern Kanjanaburi,กะเหรี่ยงโป ตะวันออก กาญจบุรี,27180,Words of Life 2,พระคำแห่งชีวิต 2,fivefish.org/T27180,https://files.globalrecordings.net/files/set/mp3-low/27180.zip,fivefish.org/T27180-001.mp3,5fi.sh/T27180
PWW,,Karen Pwo Hod,กะเหรี่ยงโป ฮอด,6690,Words of Life,พระคำแห่งชีวิต,fivefish.org/T6690,https://files.globalrecordings.net/files/set/mp3-low/6690.zip,fivefish.org/T6690-001.mp3,5fi.sh/T6690
KJT,,Karen Pwo Prae,กะเหรี่ยงโป แพร่,17200,Words of Life,พระคำแห่งชีวิต,fivefish.org/T17200,https://files.globalrecordings.net/files/set/mp3-low/17200.zip,fivefish.org/T17200-001.mp3,5fi.sh/T17200
PWO,,Karen Pwo Western,กะเหรี่ยงโป ตะวันตก,80604,Good News,ข่าวประเสริฐ,fivefish.org/T80604,https://files.globalrecordings.net/files/set/mp3-low/80604.zip,fivefish.org/T80604-001.mp3,5fi.sh/T80604
PWO,,Karen Pwo Western,กะเหรี่ยงโป ตะวันตก,35850,Jesus Story 1 of 2,เรื่องราวของพระเยซู 1 of 2,fivefish.org/T35850,https://files.globalrecordings.net/files/set/mp3-low/35850.zip,fivefish.org/T35850-001.mp3,5fi.sh/T35850
PWO,,Karen Pwo Western,กะเหรี่ยงโป ตะวันตก,35851,Jesus Story 2 of 2,เรื่องราวของพระเยซู 2 of 2,fivefish.org/T35851,https://files.globalrecordings.net/files/set/mp3-low/35851.zip,fivefish.org/T35851-001.mp3,5fi.sh/T35851
PWO,,Karen Pwo Western,กะเหรี่ยงโป ตะวันตก,9850,Words of Life 1,พระคำแห่งชีวิต 1,fivefish.org/T9850,https://files.globalrecordings.net/files/set/mp3-low/9850.zip,fivefish.org/T9850-001.mp3,5fi.sh/T9850
PWO,,Karen Pwo Western,กะเหรี่ยงโป ตะวันตก,9851,Words of Life 2,พระคำแห่งชีวิต 2,fivefish.org/T9851,https://files.globalrecordings.net/files/set/mp3-low/9851.zip,fivefish.org/T9851-001.mp3,5fi.sh/T9851
KSW,,Karen S'gaw,กะเหรี่ยงสะกอ,33121,Following Jesus,ติดตามพระเยซู,fivefish.org/T33121,https://files.globalrecordings.net/files/set/mp3-low/33121.zip,fivefish.org/T33121-001.mp3,5fi.sh/T33121
KSW,,Karen S'gaw,กะเหรี่ยงสะกอ,27200,Freedom in Jesus,อิสรภาพในพระเยซู,fivefish.org/T27200,https://files.globalrecordings.net/files/set/mp3-low/27200.zip,fivefish.org/T27200-001.mp3,5fi.sh/T27200
KSW,,Karen S'gaw,กะเหรี่ยงสะกอ,38334,Good News,ข่าวประเสริฐ,fivefish.org/T38334,https://files.globalrecordings.net/files/set/mp3-low/38334.zip,fivefish.org/T38334-001.mp3,5fi.sh/T38334
KSW,,Karen S'gaw,กะเหรี่ยงสะกอ,64523,LLL 1 Beginning with GOD,LLL 1 เริ่มต้นกับพระเจ้า,fivefish.org/T64523,https://files.globalrecordings.net/files/set/mp3-low/64523.zip,fivefish.org/T64523-001.mp3,5fi.sh/T64523
KSW,,Karen S'gaw,กะเหรี่ยงสะกอ,64524,LLL 2 Mighty Men of GOD,LLL 2 ผู้ได้รับอำนาจจากพระเจ้า,fivefish.org/T64524,https://files.globalrecordings.net/files/set/mp3-low/64524.zip,fivefish.org/T64524-001.mp3,5fi.sh/T64524
KSW,,Karen S'gaw,กะเหรี่ยงสะกอ,64525,LLL 3 Victory through GOD,LLL 3 ชัยชนะโดยพระเจ้า,fivefish.org/T64525,https://files.globalrecordings.net/files/set/mp3-low/64525.zip,fivefish.org/T64525-001.mp3,5fi.sh/T64525
KSW,,Karen S'gaw,กะเหรี่ยงสะกอ,64526,LLL 4 Servants of GOD,LLL 4 ผู้รับใช้ของพระเจ้า,fivefish.org/T64526,https://files.globalrecordings.net/files/set/mp3-low/64526.zip,fivefish.org/T64526-001.mp3,5fi.sh/T64526
KSW,,Karen S'gaw,กะเหรี่ยงสะกอ,64527,LLL 5 On Trial for GOD,LLL 5 การทดสอบเพื่อพระเจ้า,fivefish.org/T64527,https://files.globalrecordings.net/files/set/mp3-low/64527.zip,fivefish.org/T64527-001.mp3,5fi.sh/T64527
KSW,,Karen S'gaw,กะเหรี่ยงสะกอ,64528,LLL 6 JESUS - Teacher & Healer,LLL 6 พระเยซูเป็นผู้สอนและผู้รักษา,fivefish.org/T64528,https://files.globalrecordings.net/files/set/mp3-low/64528.zip,fivefish.org/T64528-001.mp3,5fi.sh/T64528
KSW,,Karen S'gaw,กะเหรี่ยงสะกอ,64529,LLL 7 JESUS - Lord & Saviour,LLL 7 พระเยซูเป็นพระเจ้าและพระผู้ช่วยให้รอด,fivefish.org/T64529,https://files.globalrecordings.net/files/set/mp3-low/64529.zip,fivefish.org/T64529-001.mp3,5fi.sh/T64529
KSW,,Karen S'gaw,กะเหรี่ยงสะกอ,64530,LLL 8 Acts of the HOLY SPIRIT,LLL 8 การงานของพระวิญญาณบริสุทธิ์,fivefish.org/T64530,https://files.globalrecordings.net/files/set/mp3-low/64530.zip,fivefish.org/T64530-001.mp3,5fi.sh/T64530
KSW,,Karen S'gaw,กะเหรี่ยงสะกอ,27210,The Works of Jesus,พระราชกิจของพระเยซู,fivefish.org/T27210,https://files.globalrecordings.net/files/set/mp3-low/27210.zip,fivefish.org/T27210-001.mp3,5fi.sh/T27210
KSW,,Karen S'gaw,กะเหรี่ยงสะกอ,9420,Who Is Jesus?,พระเยซูคือใคร,fivefish.org/T9420,https://files.globalrecordings.net/files/set/mp3-low/9420.zip,fivefish.org/T9420-001.mp3,5fi.sh/T9420
KSW,,Karen S'gaw,กะเหรี่ยงสะกอ,27201,Words of Life 4,พระคำแห่งชีวิต 4,fivefish.org/T27201,https://files.globalrecordings.net/files/set/mp3-low/27201.zip,fivefish.org/T27201-001.mp3,5fi.sh/T27201
KSW,,Karen S'gaw,กะเหรี่ยงสะกอ,64531,Worship Songs CD 1,เพลงนมัสการ CD 1,fivefish.org/T64531,https://files.globalrecordings.net/files/set/mp3-low/64531.zip,fivefish.org/T64531-001.mp3,5fi.sh/T64531
EKY,,Kayah Eastern Presule,กะยาตะวันออก พรีซูลี,80842,Good News,ข่าวประเสริฐ,fivefish.org/T80842,https://files.globalrecordings.net/files/set/mp3-low/80842.zip,fivefish.org/T80842-001.mp3,5fi.sh/T80842
KYU,,Kayah Western,กะยาตะวันตก,80838,Good News,ข่าวประเสริฐ,fivefish.org/T80838,https://files.globalrecordings.net/files/set/mp3-low/80838.zip,fivefish.org/T80838-001.mp3,5fi.sh/T80838
KYU,,Kayah Western,กะยาตะวันตก,62901,The Living Christ - Lessons 1 & 2,ชีวิตของพระคริสต์ - บทที่ 1 & 2,fivefish.org/T62901,https://files.globalrecordings.net/files/set/mp3-low/62901.zip,fivefish.org/T62901-001.mp3,5fi.sh/T62901
KYU,,Kayah Western,กะยาตะวันตก,63010,The Living Christ - Lessons 3 & 4,ชีวิตของพระคริสต์ - บทที่ 3 & 4,fivefish.org/T63010,https://files.globalrecordings.net/files/set/mp3-low/63010.zip,fivefish.org/T63010-001.mp3,5fi.sh/T63010
KYU,,Kayah Western,กะยาตะวันตก,6750,Words of Life,พระคำแห่งชีวิต,fivefish.org/T6750,https://files.globalrecordings.net/files/set/mp3-low/6750.zip,fivefish.org/T6750-001.mp3,5fi.sh/T6750
BFG,,Kayan,กะยัน,19141,Good News,ข่าวประเสริฐ,fivefish.org/T19141,https://files.globalrecordings.net/files/set/mp3-low/19141.zip,fivefish.org/T19141-001.mp3,5fi.sh/T19141
BFG,,Kayan,กะยัน,63793,Good News,ข่าวประเสริฐ,fivefish.org/T63793,https://files.globalrecordings.net/files/set/mp3-low/63793.zip,fivefish.org/T63793-001.mp3,5fi.sh/T63793
BFG,,Kayan,กะยัน,75325,Words of Life for Women 1,พระคำแห่งชีวิต สำหรับผู้หญิง 1,fivefish.org/T75325,https://files.globalrecordings.net/files/set/mp3-low/75325.zip,fivefish.org/T75325-001.mp3,5fi.sh/T75325
BFG,,Kayan,กะยัน,75326,Words of Life for Women 2,พระคำแห่งชีวิต สำหรับผู้หญิง 2,fivefish.org/T75326,https://files.globalrecordings.net/files/set/mp3-low/75326.zip,fivefish.org/T75326-001.mp3,5fi.sh/T75326
LBN,,Khamet,ขะเม็ต,11431,Words of Life,พระคำแห่งชีวิต,fivefish.org/T11431,https://files.globalrecordings.net/files/set/mp3-low/11431.zip,fivefish.org/T11431-001.mp3,5fi.sh/T11431
KJG,,Khamu,ขมุ,16030,Creation to Christ,ตั้งแต่การสร้างจนถึงพระคริสต์,fivefish.org/T16030,https://files.globalrecordings.net/files/set/mp3-low/16030.zip,fivefish.org/T16030-001.mp3,5fi.sh/T16030
KJG,,Khamu,ขมุ,16031,Growing in Jesus,เติบโตในพระเยซู,fivefish.org/T16031,https://files.globalrecordings.net/files/set/mp3-low/16031.zip,fivefish.org/T16031-001.mp3,5fi.sh/T16031
KJG,,Khamu,ขมุ,35880,Jesus Story 1 of 2,เรื่องราวของพระเยซู 1 of 2,fivefish.org/T35880,https://files.globalrecordings.net/files/set/mp3-low/35880.zip,fivefish.org/T35880-001.mp3,5fi.sh/T35880
KJG,,Khamu,ขมุ,35881,Jesus Story 2 of 2,เรื่องราวของพระเยซู 2 of 2,fivefish.org/T35881,https://files.globalrecordings.net/files/set/mp3-low/35881.zip,fivefish.org/T35881-001.mp3,5fi.sh/T35881
KJG,,Khamu Thailand,ขมุ ประเทศไทย,6700,Power Over Fear,พลังเหนือความกลัว,fivefish.org/T6700,https://files.globalrecordings.net/files/set/mp3-low/6700.zip,fivefish.org/T6700-001.mp3,5fi.sh/T6700
KHM,,Khmer,เขมร,64394,Good News,ข่าวประเสริฐ,fivefish.org/T64394,https://files.globalrecordings.net/files/set/mp3-low/64394.zip,fivefish.org/T64394-001.mp3,5fi.sh/T64394
KHM,,Khmer,เขมร,74832,LLL 1 Beginning with GOD,LLL 1 เริ่มต้นกับพระเจ้า,fivefish.org/T74832,https://files.globalrecordings.net/files/set/mp3-low/74832.zip,fivefish.org/T74832-001.mp3,5fi.sh/T74832
KHM,,Khmer,เขมร,80758,LLL 1 Beginning with GOD (B),LLL 1 เริ่มต้นกับพระเจ้า (B),fivefish.org/T80758,https://files.globalrecordings.net/files/set/mp3-low/80758.zip,fivefish.org/T80758-001.mp3,5fi.sh/T80758
KHM,,Khmer,เขมร,74833,LLL 2 Mighty Men of GOD,LLL 2 ผู้ได้รับอำนาจจากพระเจ้า,fivefish.org/T74833,https://files.globalrecordings.net/files/set/mp3-low/74833.zip,fivefish.org/T74833-001.mp3,5fi.sh/T74833
KHM,,Khmer,เขมร,74834,LLL 3 Victory through GOD,LLL 3 ชัยชนะโดยพระเจ้า,fivefish.org/T74834,https://files.globalrecordings.net/files/set/mp3-low/74834.zip,fivefish.org/T74834-001.mp3,5fi.sh/T74834
KHM,,Khmer,เขมร,74835,LLL 4 Servants of GOD,LLL 4 ผู้รับใช้ของพระเจ้า,fivefish.org/T74835,https://files.globalrecordings.net/files/set/mp3-low/74835.zip,fivefish.org/T74835-001.mp3,5fi.sh/T74835
KHM,,Khmer,เขมร,74836,LLL 5 On Trial for GOD,LLL 5 การทดสอบเพื่อพระเจ้า,fivefish.org/T74836,https://files.globalrecordings.net/files/set/mp3-low/74836.zip,fivefish.org/T74836-001.mp3,5fi.sh/T74836
KHM,,Khmer,เขมร,74837,LLL 6 JESUS - Teacher & Healer,LLL 6 พระเยซูเป็นผู้สอนและผู้รักษา,fivefish.org/T74837,https://files.globalrecordings.net/files/set/mp3-low/74837.zip,fivefish.org/T74837-001.mp3,5fi.sh/T74837
KHM,,Khmer,เขมร,80108,LLL 7 JESUS - Lord & Saviour,LLL 7 พระเยซูเป็นพระเจ้าและพระผู้ช่วยให้รอด,fivefish.org/T80108,https://files.globalrecordings.net/files/set/mp3-low/80108.zip,fivefish.org/T80108-001.mp3,5fi.sh/T80108
KHM,,Khmer,เขมร,80109,LLL 8 Acts of the HOLY SPIRIT,LLL 8 การงานของพระวิญญาณบริสุทธิ์,fivefish.org/T80109,https://files.globalrecordings.net/files/set/mp3-low/80109.zip,fivefish.org/T80109-001.mp3,5fi.sh/T80109
KHM,,Khmer,เขมร,64395,Meeting the Creator God,พบพระเจ้าพระผู้สร้าง,fivefish.org/T64395,https://files.globalrecordings.net/files/set/mp3-low/64395.zip,fivefish.org/T64395-001.mp3,5fi.sh/T64395
KHM,,Khmer,เขมร,30080,Portrait of Jesus 1,ชีวิตของพระเยซู 1,fivefish.org/T30080,https://files.globalrecordings.net/files/set/mp3-low/30080.zip,fivefish.org/T30080-001.mp3,5fi.sh/T30080
KHM,,Khmer,เขมร,30081,Portrait of Jesus 2,ชีวิตของพระเยซู 2,fivefish.org/T30081,https://files.globalrecordings.net/files/set/mp3-low/30081.zip,fivefish.org/T30081-001.mp3,5fi.sh/T30081
KHM,,Khmer,เขมร,3400,Words of Life,พระคำแห่งชีวิต,fivefish.org/T3400,https://files.globalrecordings.net/files/set/mp3-low/3400.zip,fivefish.org/T3400-001.mp3,5fi.sh/T3400
KXM,,Khmer Thailand,เขมร ประเทศไทย,3590,Words of Life,พระคำแห่งชีวิต,fivefish.org/T3590,https://files.globalrecordings.net/files/set/mp3-low/3590.zip,fivefish.org/T3590-001.mp3,5fi.sh/T3590
KKH,,Khun,ขืน,9371,Words of Life,พระคำแห่งชีวิต,fivefish.org/T9371,https://files.globalrecordings.net/files/set/mp3-low/9371.zip,fivefish.org/T9371-001.mp3,5fi.sh/T9371
KDT,,Kuy,กูย,7581,Words of Life,พระคำแห่งชีวิต,fivefish.org/T7581,https://files.globalrecordings.net/files/set/mp3-low/7581.zip,fivefish.org/T7581-001.mp3,5fi.sh/T7581
LHU,,Lahu Na,ลาหู่นา,32660,Christmas Readings & Songs,เรื่องราวคริสต์มาส & เพลง,fivefish.org/T32660,https://files.globalrecordings.net/files/set/mp3-low/32660.zip,fivefish.org/T32660-001.mp3,5fi.sh/T32660
LHU,,Lahu Na,ลาหู่นา,63277,Good News,ข่าวประเสริฐ,fivefish.org/T63277,https://files.globalrecordings.net/files/set/mp3-low/63277.zip,fivefish.org/T63277-001.mp3,5fi.sh/T63277
LHU,,Lahu Na,ลาหู่นา,64244,LLL 1 Beginning with GOD,LLL 1 เริ่มต้นกับพระเจ้า,fivefish.org/T64244,https://files.globalrecordings.net/files/set/mp3-low/64244.zip,fivefish.org/T64244-001.mp3,5fi.sh/T64244
LHU,,Lahu Na,ลาหู่นา,64245,LLL 2 Mighty Men of GOD,LLL 2 ผู้ได้รับอำนาจจากพระเจ้า,fivefish.org/T64245,https://files.globalrecordings.net/files/set/mp3-low/64245.zip,fivefish.org/T64245-001.mp3,5fi.sh/T64245
LHU,,Lahu Na,ลาหู่นา,64246,LLL 3 Victory through GOD,LLL 3 ชัยชนะโดยพระเจ้า,fivefish.org/T64246,https://files.globalrecordings.net/files/set/mp3-low/64246.zip,fivefish.org/T64246-001.mp3,5fi.sh/T64246
LHU,,Lahu Na,ลาหู่นา,64247,LLL 4 Servants of GOD,LLL 4 ผู้รับใช้ของพระเจ้า,fivefish.org/T64247,https://files.globalrecordings.net/files/set/mp3-low/64247.zip,fivefish.org/T64247-001.mp3,5fi.sh/T64247
LHU,,Lahu Na,ลาหู่นา,64248,LLL 5 On Trial for GOD,LLL 5 การทดสอบเพื่อพระเจ้า,fivefish.org/T64248,https://files.globalrecordings.net/files/set/mp3-low/64248.zip,fivefish.org/T64248-001.mp3,5fi.sh/T64248
LHU,,Lahu Na,ลาหู่นา,64249,LLL 6 JESUS - Teacher & Healer,LLL 6 พระเยซูเป็นผู้สอนและผู้รักษา,fivefish.org/T64249,https://files.globalrecordings.net/files/set/mp3-low/64249.zip,fivefish.org/T64249-001.mp3,5fi.sh/T64249
LHU,,Lahu Na,ลาหู่นา,64250,LLL 7 JESUS - Lord & Saviour,LLL 7 พระเยซูเป็นพระเจ้าและพระผู้ช่วยให้รอด,fivefish.org/T64250,https://files.globalrecordings.net/files/set/mp3-low/64250.zip,fivefish.org/T64250-001.mp3,5fi.sh/T64250
LHU,,Lahu Na,ลาหู่นา,64251,LLL 8 Acts of the HOLY SPIRIT,LLL 8 การงานของพระวิญญาณบริสุทธิ์,fivefish.org/T64251,https://files.globalrecordings.net/files/set/mp3-low/64251.zip,fivefish.org/T64251-001.mp3,5fi.sh/T64251
LHU,,Lahu Na,ลาหู่นา,6780,Words of Life 1,พระคำแห่งชีวิต 1,fivefish.org/T6780,https://files.globalrecordings.net/files/set/mp3-low/6780.zip,fivefish.org/T6780-001.mp3,5fi.sh/T6780
LHU,,Lahu Na,ลาหู่นา,32651,Words of Life 3,พระคำแห่งชีวิต 3,fivefish.org/T32651,https://files.globalrecordings.net/files/set/mp3-low/32651.zip,fivefish.org/T32651-001.mp3,5fi.sh/T32651
LHU,,Lahu Shehleh,ลาหู่แซแล,63278,Good News,ข่าวประเสริฐ,fivefish.org/T63278,https://files.globalrecordings.net/files/set/mp3-low/63278.zip,fivefish.org/T63278-001.mp3,5fi.sh/T63278
LHI,,Lahu Shi Barkeo,ลาหู่ชิ บาเกียว,62806,Good News,ข่าวประเสริฐ,fivefish.org/T62806,https://files.globalrecordings.net/files/set/mp3-low/62806.zip,fivefish.org/T62806-001.mp3,5fi.sh/T62806
LHI,,Lahu Yellow,ลาหู่เหลือง,6771,Words of Life,พระคำแห่งชีวิต,fivefish.org/T6771,https://files.globalrecordings.net/files/set/mp3-low/6771.zip,fivefish.org/T6771-001.mp3,5fi.sh/T6771
LBN,,Lamet,ลาเม็ท,64576,Good News,ข่าวประเสริฐ,fivefish.org/T64576,https://files.globalrecordings.net/files/set/mp3-low/64576.zip,fivefish.org/T64576-001.mp3,5fi.sh/T64576
LBN,,Lamet,ลาเม็ท,64623,The Lost Son,บุตรน้อยหลงหาย,fivefish.org/T64623,https://files.globalrecordings.net/files/set/mp3-low/64623.zip,fivefish.org/T64623-001.mp3,5fi.sh/T64623
LAO,,Lao,ลาว,12600,Ballads,เพลง,fivefish.org/T12600,https://files.globalrecordings.net/files/set/mp3-low/12600.zip,fivefish.org/T12600-001.mp3,5fi.sh/T12600
LAO,,Lao,ลาว,14971,FEBC-Special 1,FEBC-พิเศษ 1,fivefish.org/T14971,https://files.globalrecordings.net/files/set/mp3-low/14971.zip,fivefish.org/T14971-001.mp3,5fi.sh/T14971
LAO,,Lao,ลาว,14960,FEBC-Special 2,FEBC-พิเศษ 2,fivefish.org/T14960,https://files.globalrecordings.net/files/set/mp3-low/14960.zip,fivefish.org/T14960-001.mp3,5fi.sh/T14960
LAO,,Lao,ลาว,62857,LLL 2 Mighty Men of GOD,LLL 2 ผู้ได้รับอำนาจจากพระเจ้า,fivefish.org/T62857,https://files.globalrecordings.net/files/set/mp3-low/62857.zip,fivefish.org/T62857-001.mp3,5fi.sh/T62857
LAO,,Lao,ลาว,62858,LLL 3 Victory through GOD,LLL 3 ชัยชนะโดยพระเจ้า,fivefish.org/T62858,https://files.globalrecordings.net/files/set/mp3-low/62858.zip,fivefish.org/T62858-001.mp3,5fi.sh/T62858
LAO,,Lao,ลาว,34010,Portrait of Jesus 1,ชีวิตของพระเยซู 1,fivefish.org/T34010,https://files.globalrecordings.net/files/set/mp3-low/34010.zip,fivefish.org/T34010-001.mp3,5fi.sh/T34010
LAO,,Lao,ลาว,34011,Portrait of Jesus 2,ชีวิตของพระเยซู 2,fivefish.org/T34011,https://files.globalrecordings.net/files/set/mp3-low/34011.zip,fivefish.org/T34011-001.mp3,5fi.sh/T34011
LAO,,Lao,ลาว,74991,Songs - Christian,เพลง – คริสเตียน,fivefish.org/T74991,https://files.globalrecordings.net/files/set/mp3-low/74991.zip,fivefish.org/T74991-001.mp3,5fi.sh/T74991
LAO,,Lao,ลาว,2721,Words of Life,พระคำแห่งชีวิต,fivefish.org/T2721,https://files.globalrecordings.net/files/set/mp3-low/2721.zip,fivefish.org/T2721-001.mp3,5fi.sh/T2721
SOA,,Lao Song Dam,ลาวโซ่งดำ,34271,Good News,ข่าวประเสริฐ,fivefish.org/T34271,https://files.globalrecordings.net/files/set/mp3-low/34271.zip,fivefish.org/T34271-001.mp3,5fi.sh/T34271
SOA,,Lao Song Dam,ลาวโซ่งดำ,34270,Testimonies & Songs,คำพยาน & เพลง,fivefish.org/T34270,https://files.globalrecordings.net/files/set/mp3-low/34270.zip,fivefish.org/T34270-001.mp3,5fi.sh/T34270
SOA,,Lao Song Dam,ลาวโซ่งดำ,35532,Words of Life & Story of Joseph,พระคำแห่งชีวิต & เรื่องราวของโยเซฟ,fivefish.org/T35532,https://files.globalrecordings.net/files/set/mp3-low/35532.zip,fivefish.org/T35532-001.mp3,5fi.sh/T35532
LCP,,Lawa Ban Dong,ละว้าบ้านดง,18020,"Jesus, The Living Water",พระเยซูผู้ทรงเป็นน้ำแห่งชีวิต,fivefish.org/T18020,https://files.globalrecordings.net/files/set/mp3-low/18020.zip,fivefish.org/T18020-001.mp3,5fi.sh/T18020
LCP,,Lawa Ban Sam,ละว้าบ้านสาม,18021,Christ & His Resurrection,การฟื้นคืนพระชนม์ของพระเยซูคริสต์,fivefish.org/T18021,https://files.globalrecordings.net/files/set/mp3-low/18021.zip,fivefish.org/T18021-001.mp3,5fi.sh/T18021
LCP,,Lawa Chang Maw,ละว้าช่างหม้อ,18030,Following Jesus,ติดตามพระเยซู,fivefish.org/T18030,https://files.globalrecordings.net/files/set/mp3-low/18030.zip,fivefish.org/T18030-001.mp3,5fi.sh/T18030
LCP,,Lawa Kawng Lawi,ละว้ากองลอย,18031,God Cares for You,พระเจ้าทรงห่วงใยคุณ,fivefish.org/T18031,https://files.globalrecordings.net/files/set/mp3-low/18031.zip,fivefish.org/T18031-001.mp3,5fi.sh/T18031
LCP,,Lawa La-oop,ละว้าละอุบ,17990,What the Christian Believes,คริสเตียนเชื่ออะไร,fivefish.org/T17990,https://files.globalrecordings.net/files/set/mp3-low/17990.zip,fivefish.org/T17990-001.mp3,5fi.sh/T17990
LWL,,Lawa Northern,ละว้าเหนือ,18010,"Jesus, Stronger Than Satan",พระเยซูมีอำนาจเหนือซาตาน,fivefish.org/T18010,https://files.globalrecordings.net/files/set/mp3-low/18010.zip,fivefish.org/T18010-001.mp3,5fi.sh/T18010
LWL,,Lawa Papae,ละว้าป่าแป๋,18011,Freedom in Christ,เสรีภาพในพระคริสต์,fivefish.org/T18011,https://files.globalrecordings.net/files/set/mp3-low/18011.zip,fivefish.org/T18011-001.mp3,5fi.sh/T18011
LIS,,Lisu Northern,ลีซูเหนือ,32610,Songs & Messages,เพลงและคำสอน,fivefish.org/T32610,https://files.globalrecordings.net/files/set/mp3-low/32610.zip,fivefish.org/T32610-001.mp3,5fi.sh/T32610
LIS,,Lisu Southern,ลีซูใต้,80711,Good News,ข่าวประเสริฐ,fivefish.org/T80711,https://files.globalrecordings.net/files/set/mp3-low/80711.zip,fivefish.org/T80711-001.mp3,5fi.sh/T80711
LIS,,Lisu Southern,ลีซูใต้,80722,LLL 6 JESUS - Teacher & Healer,LLL 6 พระเยซูเป็นผู้สอนและผู้รักษา,fivefish.org/T80722,https://files.globalrecordings.net/files/set/mp3-low/80722.zip,fivefish.org/T80722-001.mp3,5fi.sh/T80722
LIS,,Lisu Southern,ลีซูใต้,80721,Songs,เพลง,fivefish.org/T80721,https://files.globalrecordings.net/files/set/mp3-low/80721.zip,fivefish.org/T80721-001.mp3,5fi.sh/T80721
LIS,,Lisu Southern,ลีซูใต้,5820,Words of Life 1,พระคำแห่งชีวิต 1,fivefish.org/T5820,https://files.globalrecordings.net/files/set/mp3-low/5820.zip,fivefish.org/T5820-001.mp3,5fi.sh/T5820
LIS,,Lisu Southern,ลีซูใต้,27160,Words of Life 2,พระคำแห่งชีวิต 2,fivefish.org/T27160,https://files.globalrecordings.net/files/set/mp3-low/27160.zip,fivefish.org/T27160-001.mp3,5fi.sh/T27160
LIS,,Lisu White,ลีซูขาว,80831,Good News,ข่าวประเสริฐ,fivefish.org/T80831,https://files.globalrecordings.net/files/set/mp3-low/80831.zip,fivefish.org/T80831-001.mp3,5fi.sh/T80831
KHB,,Lu,ลู,9311,Words of Life,พระคำแห่งชีวิต,fivefish.org/T9311,https://files.globalrecordings.net/files/set/mp3-low/9311.zip,fivefish.org/T9311-001.mp3,5fi.sh/T9311
MFA,,Malay Pattani,มาเลปัตตานี,3841,Songs,เพลง,fivefish.org/T3841,https://files.globalrecordings.net/files/set/mp3-low/3841.zip,fivefish.org/T3841-001.mp3,5fi.sh/T3841
MFA,,Malay Pattani,มาเลปัตตานี,26111,Words of Life 01,พระคำแห่งชีวิต 01,fivefish.org/T26111,https://files.globalrecordings.net/files/set/mp3-low/26111.zip,fivefish.org/T26111-001.mp3,5fi.sh/T26111
MFA,,Malay Pattani,มาเลปัตตานี,27211,Words of Life 02,พระคำแห่งชีวิต 02,fivefish.org/T27211,https://files.globalrecordings.net/files/set/mp3-low/27211.zip,fivefish.org/T27211-001.mp3,5fi.sh/T27211
MFA,,Malay Pattani,มาเลปัตตานี,27220,Words of Life 03,พระคำแห่งชีวิต 03,fivefish.org/T27220,https://files.globalrecordings.net/files/set/mp3-low/27220.zip,fivefish.org/T27220-001.mp3,5fi.sh/T27220
MFA,,Malay Pattani,มาเลปัตตานี,27221,Words of Life 04,พระคำแห่งชีวิต 04,fivefish.org/T27221,https://files.globalrecordings.net/files/set/mp3-low/27221.zip,fivefish.org/T27221-001.mp3,5fi.sh/T27221
MFA,,Malay Pattani,มาเลปัตตานี,27230,Words of Life 05,พระคำแห่งชีวิต 05,fivefish.org/T27230,https://files.globalrecordings.net/files/set/mp3-low/27230.zip,fivefish.org/T27230-001.mp3,5fi.sh/T27230
MFA,,Malay Pattani,มาเลปัตตานี,27231,Words of Life 06,พระคำแห่งชีวิต 06,fivefish.org/T27231,https://files.globalrecordings.net/files/set/mp3-low/27231.zip,fivefish.org/T27231-001.mp3,5fi.sh/T27231
MFA,,Malay Pattani,มาเลปัตตานี,27240,Words of Life 07,พระคำแห่งชีวิต 07,fivefish.org/T27240,https://files.globalrecordings.net/files/set/mp3-low/27240.zip,fivefish.org/T27240-001.mp3,5fi.sh/T27240
MFA,,Malay Pattani,มาเลปัตตานี,78071,Words of Life 08 - Why Jesus Died,พระคำแห่งชีวิต 08 - ทำไมพระเยซูจึงต้องตาย,fivefish.org/T78071,https://files.globalrecordings.net/files/set/mp3-low/78071.zip,fivefish.org/T78071-001.mp3,5fi.sh/T78071
MFA,,Malay Pattani,มาเลปัตตานี,78072,Words of Life 09 - Fear of Evil Spirits,พระคำแห่งชีวิต 09 - กลัววิญญาณชั่ว,fivefish.org/T78072,https://files.globalrecordings.net/files/set/mp3-low/78072.zip,fivefish.org/T78072-001.mp3,5fi.sh/T78072
MFA,,Malay Pattani,มาเลปัตตานี,78076,Words of Life 10 - Life After Death,พระคำแห่งชีวิต 10 - ชีวิตหลังความตาย,fivefish.org/T78076,https://files.globalrecordings.net/files/set/mp3-low/78076.zip,fivefish.org/T78076-001.mp3,5fi.sh/T78076
MFA,,Malay Pattani,มาเลปัตตานี,78073,Words of Life 11 - How Christians Live,พระคำแห่งชีวิต 11 - การดำเนินชีวิตคริสเตียน,fivefish.org/T78073,https://files.globalrecordings.net/files/set/mp3-low/78073.zip,fivefish.org/T78073-001.mp3,5fi.sh/T78073
MFA,,Malay Pattani,มาเลปัตตานี,78074,Words of Life 12 - Prayer,พระคำแห่งชีวิต 12 - การอธิษฐาน,fivefish.org/T78074,https://files.globalrecordings.net/files/set/mp3-low/78074.zip,fivefish.org/T78074-001.mp3,5fi.sh/T78074
MFA,,Malay Pattani,มาเลปัตตานี,78075,"Words of Life 13 - God, Jesus Christ",พระคำแห่งชีวิต 13 - พระเจ้า พระเยซูคริสต์,fivefish.org/T78075,https://files.globalrecordings.net/files/set/mp3-low/78075.zip,fivefish.org/T78075-001.mp3,5fi.sh/T78075
ZSM,,Malay Standard,มลายูกลาง,2691,Words of Life,พระคำแห่งชีวิต,fivefish.org/T2691,https://files.globalrecordings.net/files/set/mp3-low/2691.zip,fivefish.org/T2691-001.mp3,5fi.sh/T2691
CMN,,Mandarin,จีนกลาง,2591,Becoming a Friend of God,เป็นเพื่อนของพระเจ้า,fivefish.org/T2591,https://files.globalrecordings.net/files/set/mp3-low/2591.zip,fivefish.org/T2591-001.mp3,5fi.sh/T2591
CMN,,Mandarin,จีนกลาง,80890,Good News,ข่าวประเสริฐ,fivefish.org/T80890,https://files.globalrecordings.net/files/set/mp3-low/80890.zip,fivefish.org/T80890-001.mp3,5fi.sh/T80890
CMN,,Mandarin,จีนกลาง,64259,Good News - Female,ข่าวประเสริฐ – ผู้หญิง,fivefish.org/T64259,https://files.globalrecordings.net/files/set/mp3-low/64259.zip,fivefish.org/T64259-001.mp3,5fi.sh/T64259
CMN,,Mandarin,จีนกลาง,62908,Good News^ for university students,ข่าวประเสริฐ – สำหรับนักศึกษามหาวิทยาลัย,fivefish.org/T62908,https://files.globalrecordings.net/files/set/mp3-low/62908.zip,fivefish.org/T62908-001.mp3,5fi.sh/T62908
CMN,,Mandarin,จีนกลาง,80921,LLL 1 Beginning with GOD,LLL 1 เริ่มต้นกับพระเจ้า,fivefish.org/T80921,https://files.globalrecordings.net/files/set/mp3-low/80921.zip,fivefish.org/T80921-001.mp3,5fi.sh/T80921
CMN,,Mandarin,จีนกลาง,80922,LLL 2 Mighty Men of GOD,LLL 2 ผู้ได้รับอำนาจจากพระเจ้า,fivefish.org/T80922,https://files.globalrecordings.net/files/set/mp3-low/80922.zip,fivefish.org/T80922-001.mp3,5fi.sh/T80922
CMN,,Mandarin,จีนกลาง,80901,LLL 3 Victory through GOD,LLL 3 ชัยชนะโดยพระเจ้า,fivefish.org/T80901,https://files.globalrecordings.net/files/set/mp3-low/80901.zip,fivefish.org/T80901-001.mp3,5fi.sh/T80901
CMN,,Mandarin,จีนกลาง,80892,LLL 4 Servants of GOD,LLL 4 ผู้รับใช้ของพระเจ้า,fivefish.org/T80892,https://files.globalrecordings.net/files/set/mp3-low/80892.zip,fivefish.org/T80892-001.mp3,5fi.sh/T80892
CMN,,Mandarin,จีนกลาง,80893,LLL 5 On Trial for GOD,LLL 5 การทดสอบเพื่อพระเจ้า,fivefish.org/T80893,https://files.globalrecordings.net/files/set/mp3-low/80893.zip,fivefish.org/T80893-001.mp3,5fi.sh/T80893
CMN,,Mandarin,จีนกลาง,80923,LLL 6 JESUS - Teacher & Healer,LLL 6 พระเยซูเป็นผู้สอนและผู้รักษา,fivefish.org/T80923,https://files.globalrecordings.net/files/set/mp3-low/80923.zip,fivefish.org/T80923-001.mp3,5fi.sh/T80923
CMN,,Mandarin,จีนกลาง,80924,LLL 7 JESUS - Lord & Saviour,LLL 7 พระเยซูเป็นพระเจ้าและพระผู้ช่วยให้รอด,fivefish.org/T80924,https://files.globalrecordings.net/files/set/mp3-low/80924.zip,fivefish.org/T80924-001.mp3,5fi.sh/T80924
CMN,,Mandarin,จีนกลาง,80925,LLL 8 Acts of the HOLY SPIRIT,LLL 8 การงานของพระวิญญาณบริสุทธิ์,fivefish.org/T80925,https://files.globalrecordings.net/files/set/mp3-low/80925.zip,fivefish.org/T80925-001.mp3,5fi.sh/T80925
CMN,,Mandarin,จีนกลาง,30090,Portrait of Jesus (Modern),ชีวิตของพระเยซู (Modern),fivefish.org/T30090,https://files.globalrecordings.net/files/set/mp3-low/30090.zip,fivefish.org/T30090-001.mp3,5fi.sh/T30090
CMN,,Mandarin,จีนกลาง,30091,Portrait of Jesus (Union),ชีวิตของพระเยซู (Union),fivefish.org/T30091,https://files.globalrecordings.net/files/set/mp3-low/30091.zip,fivefish.org/T30091-001.mp3,5fi.sh/T30091
CMN,,Mandarin,จีนกลาง,62646,The Living Christ 1-63,ชีวิตของพระคริสต์ 1-63,fivefish.org/T62646,https://files.globalrecordings.net/files/set/mp3-low/62646.zip,fivefish.org/T62646-001.mp3,5fi.sh/T62646
CMN,,Mandarin,จีนกลาง,62647,The Living Christ 64-120,ชีวิตของพระคริสต์ 64-120,fivefish.org/T62647,https://files.globalrecordings.net/files/set/mp3-low/62647.zip,fivefish.org/T62647-001.mp3,5fi.sh/T62647
CMN,,Mandarin,จีนกลาง,29260,Words of Life 1,พระคำแห่งชีวิต 1,fivefish.org/T29260,https://files.globalrecordings.net/files/set/mp3-low/29260.zip,fivefish.org/T29260-001.mp3,5fi.sh/T29260
CMN,,Mandarin,จีนกลาง,29261,Words of Life 2,พระคำแห่งชีวิต 2,fivefish.org/T29261,https://files.globalrecordings.net/files/set/mp3-low/29261.zip,fivefish.org/T29261-001.mp3,5fi.sh/T29261
MWT,,Moken,มอแกน,37926,Good News,ข่าวประเสริฐ,fivefish.org/T37926,https://files.globalrecordings.net/files/set/mp3-low/37926.zip,fivefish.org/T37926-001.mp3,5fi.sh/T37926
MWT,,Moken,มอแกน,64535,Gospel of Luke Ch 01-06,พระกิตติคุณลูกา บทที่ 01-06,fivefish.org/T64535,https://files.globalrecordings.net/files/set/mp3-low/64535.zip,fivefish.org/T64535-001.mp3,5fi.sh/T64535
MWT,,Moken,มอแกน,64536,Gospel of Luke Ch 07-11,พระกิตติคุณลูกา บทที่ 07-11,fivefish.org/T64536,https://files.globalrecordings.net/files/set/mp3-low/64536.zip,fivefish.org/T64536-001.mp3,5fi.sh/T64536
MWT,,Moken,มอแกน,64537,Gospel of Luke Ch 12-18,พระกิตติคุณลูกา บทที่ 12-18,fivefish.org/T64537,https://files.globalrecordings.net/files/set/mp3-low/64537.zip,fivefish.org/T64537-001.mp3,5fi.sh/T64537
MWT,,Moken,มอแกน,64538,Gospel of Luke Ch 19-24,พระกิตติคุณลูกา บทที่ 19-24,fivefish.org/T64538,https://files.globalrecordings.net/files/set/mp3-low/64538.zip,fivefish.org/T64538-001.mp3,5fi.sh/T64538
MWT,,Moken,มอแกน,4871,Words of Life 1,พระคำแห่งชีวิต 1,fivefish.org/T4871,https://files.globalrecordings.net/files/set/mp3-low/4871.zip,fivefish.org/T4871-001.mp3,5fi.sh/T4871
MWT,,Moken,มอแกน,9791,Words of Life 2,พระคำแห่งชีวิต 2,fivefish.org/T9791,https://files.globalrecordings.net/files/set/mp3-low/9791.zip,fivefish.org/T9791-001.mp3,5fi.sh/T9791
MNW,,Mon,มอญ,80865,Good News,ข่าวประเสริฐ,fivefish.org/T80865,https://files.globalrecordings.net/files/set/mp3-low/80865.zip,fivefish.org/T80865-001.mp3,5fi.sh/T80865
MNW,,Mon,มอญ,7821,Words of Life,พระคำแห่งชีวิต,fivefish.org/T7821,https://files.globalrecordings.net/files/set/mp3-low/7821.zip,fivefish.org/T7821-001.mp3,5fi.sh/T7821
MNW,,Mon Takanoon,มอญ ทาคานูน,9321,Words of Life,พระคำแห่งชีวิต,fivefish.org/T9321,https://files.globalrecordings.net/files/set/mp3-low/9321.zip,fivefish.org/T9321-001.mp3,5fi.sh/T9321
NPI,,Nepali,เนปาล,64238,Good News,ข่าวประเสริฐ,fivefish.org/T64238,https://files.globalrecordings.net/files/set/mp3-low/64238.zip,fivefish.org/T64238-001.mp3,5fi.sh/T64238
NPI,,Nepali,เนปาล,64085,Promises of God,พระสัญญาของพระเจ้า,fivefish.org/T64085,https://files.globalrecordings.net/files/set/mp3-low/64085.zip,fivefish.org/T64085-001.mp3,5fi.sh/T64085
NPI,,Nepali,เนปาล,62307,Testimony,คำพยาน,fivefish.org/T62307,https://files.globalrecordings.net/files/set/mp3-low/62307.zip,fivefish.org/T62307-001.mp3,5fi.sh/T62307
NPI,,Nepali Bhutan,เนปาล ภูฏาน,80350,Good News,ข่าวประเสริฐ,fivefish.org/T80350,https://files.globalrecordings.net/files/set/mp3-low/80350.zip,fivefish.org/T80350-001.mp3,5fi.sh/T80350
NPI,,Nepali Kathmandu,เนปาล กาฐมาณฑุ,65455,After the Earthquake,หลังเกิดแผ่นดินไหว,fivefish.org/T65455,https://files.globalrecordings.net/files/set/mp3-low/65455.zip,fivefish.org/T65455-001.mp3,5fi.sh/T65455
NPI,,Nepali Kathmandu,เนปาล กาฐมาณฑุ,27110,Are You Happy?,คุณมีความสุขไหม?,fivefish.org/T27110,https://files.globalrecordings.net/files/set/mp3-low/27110.zip,fivefish.org/T27110-001.mp3,5fi.sh/T27110
NPI,,Nepali Kathmandu,เนปาล กาฐมาณฑุ,37696,Christmas & Easter,คริสต์มาสและอีสเตอร์,fivefish.org/T37696,https://files.globalrecordings.net/files/set/mp3-low/37696.zip,fivefish.org/T37696-001.mp3,5fi.sh/T37696
NPI,,Nepali Kathmandu,เนปาล กาฐมาณฑุ,37694,Follow Up,ติดตาม,fivefish.org/T37694,https://files.globalrecordings.net/files/set/mp3-low/37694.zip,fivefish.org/T37694-001.mp3,5fi.sh/T37694
NPI,,Nepali Kathmandu,เนปาล กาฐมาณฑุ,75099,Follow Up Messages,ติดตามข้อความ,fivefish.org/T75099,https://files.globalrecordings.net/files/set/mp3-low/75099.zip,fivefish.org/T75099-001.mp3,5fi.sh/T75099
NPI,,Nepali Kathmandu,เนปาล กาฐมาณฑุ,32951,Good News,ข่าวประเสริฐ,fivefish.org/T32951,https://files.globalrecordings.net/files/set/mp3-low/32951.zip,fivefish.org/T32951-001.mp3,5fi.sh/T32951
NPI,,Nepali Kathmandu,เนปาล กาฐมาณฑุ,37693,Gospel,พระกิตติคุณ,fivefish.org/T37693,https://files.globalrecordings.net/files/set/mp3-low/37693.zip,fivefish.org/T37693-001.mp3,5fi.sh/T37693
NPI,,Nepali Kathmandu,เนปาล กาฐมาณฑุ,79174,LLL 1 Beginning with GOD,LLL 1 เริ่มต้นกับพระเจ้า,fivefish.org/T79174,https://files.globalrecordings.net/files/set/mp3-low/79174.zip,fivefish.org/T79174-001.mp3,5fi.sh/T79174
NPI,,Nepali Kathmandu,เนปาล กาฐมาณฑุ,79180,LLL 7 JESUS - Lord & Saviour,LLL 7 พระเยซูเป็นพระเจ้าและพระผู้ช่วยให้รอด,fivefish.org/T79180,https://files.globalrecordings.net/files/set/mp3-low/79180.zip,fivefish.org/T79180-001.mp3,5fi.sh/T79180
NPI,,Nepali Kathmandu,เนปาล กาฐมาณฑุ,31200,Songs,เพลง,fivefish.org/T31200,https://files.globalrecordings.net/files/set/mp3-low/31200.zip,fivefish.org/T31200-001.mp3,5fi.sh/T31200
NPI,,Nepali Kathmandu,เนปาล กาฐมาณฑุ,37695,Student,นักศึกษา,fivefish.org/T37695,https://files.globalrecordings.net/files/set/mp3-low/37695.zip,fivefish.org/T37695-001.mp3,5fi.sh/T37695
NPI,,Nepali Kathmandu,เนปาล กาฐมาณฑุ,3080,Words of Life,พระคำแห่งชีวิต,fivefish.org/T3080,https://files.globalrecordings.net/files/set/mp3-low/3080.zip,fivefish.org/T3080-001.mp3,5fi.sh/T3080
NPI,,Nepali Kathmandu,เนปาล กาฐมาณฑุ,3090,Words of Life 1,พระคำแห่งชีวิต 1,fivefish.org/T3090,https://files.globalrecordings.net/files/set/mp3-low/3090.zip,fivefish.org/T3090-001.mp3,5fi.sh/T3090
NPI,,Nepali Kathmandu,เนปาล กาฐมาณฑุ,20731,Words of Life 2,พระคำแห่งชีวิต 2,fivefish.org/T20731,https://files.globalrecordings.net/files/set/mp3-low/20731.zip,fivefish.org/T20731-001.mp3,5fi.sh/T20731
NPI,,Nepali Kathmandu,เนปาล กาฐมาณฑุ,20700,Words of Life 3,พระคำแห่งชีวิต 3,fivefish.org/T20700,https://files.globalrecordings.net/files/set/mp3-low/20700.zip,fivefish.org/T20700-001.mp3,5fi.sh/T20700
NPI,,Nepali Kathmandu,เนปาล กาฐมาณฑุ,20781,Words of Life 4,พระคำแห่งชีวิต 4,fivefish.org/T20781,https://files.globalrecordings.net/files/set/mp3-low/20781.zip,fivefish.org/T20781-001.mp3,5fi.sh/T20781
ACN,,Ngochang,งอชาง,22510,Words of Life 1,พระคำแห่งชีวิต 1,fivefish.org/T22510,https://files.globalrecordings.net/files/set/mp3-low/22510.zip,fivefish.org/T22510-001.mp3,5fi.sh/T22510
ACN,,Ngochang,งอชาง,22511,Words of Life 2,พระคำแห่งชีวิต 2,fivefish.org/T22511,https://files.globalrecordings.net/files/set/mp3-low/22511.zip,fivefish.org/T22511-001.mp3,5fi.sh/T22511
CBN,,Nyah Kur,ญัฮกุร,64992,Creation Songs,เพลงการทรงสร้าง,fivefish.org/T64992,https://files.globalrecordings.net/files/set/mp3-low/64992.zip,fivefish.org/T64992-001.mp3,5fi.sh/T64992
CBN,,Nyah Kur,ญัฮกุร,64993,Good News 1,ข่าวประเสริฐ 1,fivefish.org/T64993,https://files.globalrecordings.net/files/set/mp3-low/64993.zip,fivefish.org/T64993-001.mp3,5fi.sh/T64993
CBN,,Nyah Kur,ญัฮกุร,64994,Good News 2,ข่าวประเสริฐ 2,fivefish.org/T64994,https://files.globalrecordings.net/files/set/mp3-low/64994.zip,fivefish.org/T64994-001.mp3,5fi.sh/T64994
CBN,,Nyah Kur,ญัฮกุร,65333,LLL 1 Beginning with GOD,LLL 1 เริ่มต้นกับพระเจ้า,fivefish.org/T65333,https://files.globalrecordings.net/files/set/mp3-low/65333.zip,fivefish.org/T65333-001.mp3,5fi.sh/T65333
CBN,,Nyah Kur,ญัฮกุร,65334,LLL 2 Mighty Men of GOD,LLL 2 ผู้ได้รับอำนาจจากพระเจ้า,fivefish.org/T65334,https://files.globalrecordings.net/files/set/mp3-low/65334.zip,fivefish.org/T65334-001.mp3,5fi.sh/T65334
CBN,,Nyah Kur,ญัฮกุร,65655,LLL 8 Acts of the HOLY SPIRIT,LLL 8 การงานของพระวิญญาณบริสุทธิ์,fivefish.org/T65655,https://files.globalrecordings.net/files/set/mp3-low/65655.zip,fivefish.org/T65655-001.mp3,5fi.sh/T65655
CBN,,Nyah Kur,ญัฮกุร,64995,Prodigal Son,บุตรน้อยหลงหาย,fivefish.org/T64995,https://files.globalrecordings.net/files/set/mp3-low/64995.zip,fivefish.org/T64995-001.mp3,5fi.sh/T64995
NYW,,Nyaw,ญ้อ,65961,Becoming a Friend of God,เป็นเพื่อนของพระเจ้า,fivefish.org/T65961,https://files.globalrecordings.net/files/set/mp3-low/65961.zip,fivefish.org/T65961-001.mp3,5fi.sh/T65961
RYN,,Okinawan,โอกินา,2951,Words of Life ,พระคำแห่งชีวิต,fivefish.org/T2951,https://files.globalrecordings.net/files/set/mp3-low/2951.zip,fivefish.org/T2951-001.mp3,5fi.sh/T2951
PRT,,Phai Central,ไปรกลาง,11340,Words of Life w/ PHAI: Southern,พระคำแห่งชีวิต ไปร: ใต้,fivefish.org/T11340,https://files.globalrecordings.net/files/set/mp3-low/11340.zip,fivefish.org/T11340-001.mp3,5fi.sh/T11340
MLF,,Phai Northern,ไปรเหนือ,11341,Words of Life,พระคำแห่งชีวิต,fivefish.org/T11341,https://files.globalrecordings.net/files/set/mp3-low/11341.zip,fivefish.org/T11341-001.mp3,5fi.sh/T11341
PRT,,Phai Southern,ไปรใต้,11330,Words of Life,พระคำแห่งชีวิต,fivefish.org/T11330,https://files.globalrecordings.net/files/set/mp3-low/11330.zip,fivefish.org/T11330-001.mp3,5fi.sh/T11330
PHT,,Phu Thai,ภูไท,18081,Words of Life,พระคำแห่งชีวิต,fivefish.org/T18081,https://files.globalrecordings.net/files/set/mp3-low/18081.zip,fivefish.org/T18081-001.mp3,5fi.sh/T18081
PHT,,Phu Thai Na Kae,ภูไท นาแก,63894,Good News 1-22 and Testimony,ข่าวประเสริฐ 1-22 และคำพยาน,fivefish.org/T63894,https://files.globalrecordings.net/files/set/mp3-low/63894.zip,fivefish.org/T63894-001.mp3,5fi.sh/T63894
PHT,,Phu Thai Na Kae,ภูไท นาแก,63895,Good News 23-40,ข่าวประเสริฐ 23-40,fivefish.org/T63895,https://files.globalrecordings.net/files/set/mp3-low/63895.zip,fivefish.org/T63895-001.mp3,5fi.sh/T63895
PHT,,Phu Thai Renu,ภูไท เรณู,63892,Good News 1-22 and Testimony,ข่าวประเสริฐ 1-22 และคำพยาน,fivefish.org/T63892,https://files.globalrecordings.net/files/set/mp3-low/63892.zip,fivefish.org/T63892-001.mp3,5fi.sh/T63892
PHT,,Phu Thai Renu,ภูไท เรณู,63893,Good News 23-40,ข่าวประเสริฐ 23-40,fivefish.org/T63893,https://files.globalrecordings.net/files/set/mp3-low/63893.zip,fivefish.org/T63893-001.mp3,5fi.sh/T63893
PHT,,Phu Thai Renu,ภูไท เรณู,65751,LLL 1 Beginning with GOD,LLL 1 เริ่มต้นกับพระเจ้า,fivefish.org/T65751,https://files.globalrecordings.net/files/set/mp3-low/65751.zip,fivefish.org/T65751-001.mp3,5fi.sh/T65751
PHT,,Phu Thai Renu,ภูไท เรณู,65752,LLL 2 Mighty Men of GOD,LLL 2 ผู้ได้รับอำนาจจากพระเจ้า,fivefish.org/T65752,https://files.globalrecordings.net/files/set/mp3-low/65752.zip,fivefish.org/T65752-001.mp3,5fi.sh/T65752
PHT,,Phu Thai Renu,ภูไท เรณู,66545,LLL 3 Victory through GOD,LLL 3 ชัยชนะโดยพระเจ้า,fivefish.org/T66545,https://files.globalrecordings.net/files/set/mp3-low/66545.zip,fivefish.org/T66545-001.mp3,5fi.sh/T66545
CMN,,Pinghua Guangxi Nanning,จีนกวางสี หนานหนิง,32211,Becoming a Friend of God,เป็นเพื่อนของพระเจ้า,fivefish.org/T32211,https://files.globalrecordings.net/files/set/mp3-low/32211.zip,fivefish.org/T32211-001.mp3,5fi.sh/T32211
SKB,,Saek,แสก,24620,Words of Life,พระคำแห่งชีวิต,fivefish.org/T24620,https://files.globalrecordings.net/files/set/mp3-low/24620.zip,fivefish.org/T24620-001.mp3,5fi.sh/T24620
SHN,,Shan,ไทใหญ่,80859,Good News,ข่าวประเสริฐ,fivefish.org/T80859,https://files.globalrecordings.net/files/set/mp3-low/80859.zip,fivefish.org/T80859-001.mp3,5fi.sh/T80859
SHN,,Shan,ไทใหญ่,62897,LLL 1 Beginning with GOD,LLL 1 เริ่มต้นกับพระเจ้า,fivefish.org/T62897,https://files.globalrecordings.net/files/set/mp3-low/62897.zip,fivefish.org/T62897-001.mp3,5fi.sh/T62897
SHN,,Shan,ไทใหญ่,62898,LLL 2 Mighty Men of GOD,LLL 2 ผู้ได้รับอำนาจจากพระเจ้า,fivefish.org/T62898,https://files.globalrecordings.net/files/set/mp3-low/62898.zip,fivefish.org/T62898-001.mp3,5fi.sh/T62898
SHN,,Shan,ไทใหญ่,62899,LLL 3 Victory through GOD,LLL 3 ชัยชนะโดยพระเจ้า,fivefish.org/T62899,https://files.globalrecordings.net/files/set/mp3-low/62899.zip,fivefish.org/T62899-001.mp3,5fi.sh/T62899
SHN,,Shan,ไทใหญ่,62900,LLL 4 Servants of GOD,LLL 4 ผู้รับใช้ของพระเจ้า,fivefish.org/T62900,https://files.globalrecordings.net/files/set/mp3-low/62900.zip,fivefish.org/T62900-001.mp3,5fi.sh/T62900
SHN,,Shan,ไทใหญ่,63416,LLL 5 On Trial for GOD,LLL 5 การทดสอบเพื่อพระเจ้า,fivefish.org/T63416,https://files.globalrecordings.net/files/set/mp3-low/63416.zip,fivefish.org/T63416-001.mp3,5fi.sh/T63416
SHN,,Shan,ไทใหญ่,63417,LLL 6 JESUS - Teacher & Healer,LLL 6 พระเยซูเป็นผู้สอนและผู้รักษา,fivefish.org/T63417,https://files.globalrecordings.net/files/set/mp3-low/63417.zip,fivefish.org/T63417-001.mp3,5fi.sh/T63417
SHN,,Shan,ไทใหญ่,63878,LLL 7 JESUS - Lord & Saviour,LLL 7 พระเยซูเป็นพระเจ้าและพระผู้ช่วยให้รอด,fivefish.org/T63878,https://files.globalrecordings.net/files/set/mp3-low/63878.zip,fivefish.org/T63878-001.mp3,5fi.sh/T63878
SHN,,Shan,ไทใหญ่,63879,LLL 8 Acts of the HOLY SPIRIT,LLL 8 การงานของพระวิญญาณบริสุทธิ์,fivefish.org/T63879,https://files.globalrecordings.net/files/set/mp3-low/63879.zip,fivefish.org/T63879-001.mp3,5fi.sh/T63879
SHN,,Shan,ไทใหญ่,80866,The Living Christ - Lessons 1 & 2,ชีวิตของพระคริสต์ - บทที่ 1 & 2,fivefish.org/T80866,https://files.globalrecordings.net/files/set/mp3-low/80866.zip,fivefish.org/T80866-001.mp3,5fi.sh/T80866
SHN,,Shan,ไทใหญ่,62783,The Living Christ - Lessons 3 & 4,ชีวิตของพระคริสต์ - บทที่ 3 & 4,fivefish.org/T62783,https://files.globalrecordings.net/files/set/mp3-low/62783.zip,fivefish.org/T62783-001.mp3,5fi.sh/T62783
SHN,,Shan,ไทใหญ่,6821,Words of Life 1,พระคำแห่งชีวิต 1,fivefish.org/T6821,https://files.globalrecordings.net/files/set/mp3-low/6821.zip,fivefish.org/T6821-001.mp3,5fi.sh/T6821
SIN,,Sinhala,สิงหล,64970,Good News,ข่าวประเสริฐ,fivefish.org/T64970,https://files.globalrecordings.net/files/set/mp3-low/64970.zip,fivefish.org/T64970-001.mp3,5fi.sh/T64970
SIN,,Sinhala,สิงหล,80926,Good News,ข่าวประเสริฐ,fivefish.org/T80926,https://files.globalrecordings.net/files/set/mp3-low/80926.zip,fivefish.org/T80926-001.mp3,5fi.sh/T80926
SIN,,Sinhala,สิงหล,80656,LLL 1 Beginning with GOD,LLL 1 เริ่มต้นกับพระเจ้า,fivefish.org/T80656,https://files.globalrecordings.net/files/set/mp3-low/80656.zip,fivefish.org/T80656-001.mp3,5fi.sh/T80656
SIN,,Sinhala,สิงหล,80602,LLL 2 Mighty Men of GOD,LLL 2 ผู้ได้รับอำนาจจากพระเจ้า,fivefish.org/T80602,https://files.globalrecordings.net/files/set/mp3-low/80602.zip,fivefish.org/T80602-001.mp3,5fi.sh/T80602
SIN,,Sinhala,สิงหล,80603,LLL 3 Victory through GOD,LLL 3 ชัยชนะโดยพระเจ้า,fivefish.org/T80603,https://files.globalrecordings.net/files/set/mp3-low/80603.zip,fivefish.org/T80603-001.mp3,5fi.sh/T80603
SIN,,Sinhala,สิงหล,80607,LLL 4 Servants of GOD,LLL 4 ผู้รับใช้ของพระเจ้า,fivefish.org/T80607,https://files.globalrecordings.net/files/set/mp3-low/80607.zip,fivefish.org/T80607-001.mp3,5fi.sh/T80607
SIN,,Sinhala,สิงหล,80628,LLL 5 On Trial for GOD,LLL 5 การทดสอบเพื่อพระเจ้า,fivefish.org/T80628,https://files.globalrecordings.net/files/set/mp3-low/80628.zip,fivefish.org/T80628-001.mp3,5fi.sh/T80628
SIN,,Sinhala,สิงหล,80633,LLL 6 JESUS - Teacher & Healer,LLL 6 พระเยซูเป็นผู้สอนและผู้รักษา,fivefish.org/T80633,https://files.globalrecordings.net/files/set/mp3-low/80633.zip,fivefish.org/T80633-001.mp3,5fi.sh/T80633
SIN,,Sinhala,สิงหล,3211,Words of Life 1,พระคำแห่งชีวิต 1,fivefish.org/T3211,https://files.globalrecordings.net/files/set/mp3-low/3211.zip,fivefish.org/T3211-001.mp3,5fi.sh/T3211
SIN,,Sinhala,สิงหล,18931,Words of Life 2,พระคำแห่งชีวิต 2,fivefish.org/T18931,https://files.globalrecordings.net/files/set/mp3-low/18931.zip,fivefish.org/T18931-001.mp3,5fi.sh/T18931
SIN,,Sinhala,สิงหล,30361,Words of Life 3,พระคำแห่งชีวิต 3,fivefish.org/T30361,https://files.globalrecordings.net/files/set/mp3-low/30361.zip,fivefish.org/T30361-001.mp3,5fi.sh/T30361
SIN,,Sinhala,สิงหล,30370,Words of Life 4,พระคำแห่งชีวิต 4,fivefish.org/T30370,https://files.globalrecordings.net/files/set/mp3-low/30370.zip,fivefish.org/T30370-001.mp3,5fi.sh/T30370
THM,,So Thavung,โซ่ทะวืง,65653,Good News,ข่าวประเสริฐ,fivefish.org/T65653,https://files.globalrecordings.net/files/set/mp3-low/65653.zip,fivefish.org/T65653-001.mp3,5fi.sh/T65653
KDT,,Sui South,สุ่ยใต้,19561,Words of Life,พระคำแห่งชีวิต,fivefish.org/T19561,https://files.globalrecordings.net/files/set/mp3-low/19561.zip,fivefish.org/T19561-001.mp3,5fi.sh/T19561
BLT,,Tai Black,ไทดำ,22900,Good News,ข่าวประเสริฐ,fivefish.org/T22900,https://files.globalrecordings.net/files/set/mp3-low/22900.zip,fivefish.org/T22900-001.mp3,5fi.sh/T22900
BLT,,Tai Black,ไทดำ,22901,Words of Life,พระคำแห่งชีวิต,fivefish.org/T22901,https://files.globalrecordings.net/files/set/mp3-low/22901.zip,fivefish.org/T22901-001.mp3,5fi.sh/T22901
TDD,,Tai Ya,ไทหย่า,6701,Words of Life,พระคำแห่งชีวิต,fivefish.org/T6701,https://files.globalrecordings.net/files/set/mp3-low/6701.zip,fivefish.org/T6701-001.mp3,5fi.sh/T6701
TAM,,Tamil,ทมิฬ,64971,Good News,ข่าวประเสริฐ,fivefish.org/T64971,https://files.globalrecordings.net/files/set/mp3-low/64971.zip,fivefish.org/T64971-001.mp3,5fi.sh/T64971
TAM,,Tamil,ทมิฬ,74792,Good News,ข่าวประเสริฐ,fivefish.org/T74792,https://files.globalrecordings.net/files/set/mp3-low/74792.zip,fivefish.org/T74792-001.mp3,5fi.sh/T74792
TAM,,Tamil,ทมิฬ,80579,LLL 1 Beginning with GOD,LLL 1 เริ่มต้นกับพระเจ้า,fivefish.org/T80579,https://files.globalrecordings.net/files/set/mp3-low/80579.zip,fivefish.org/T80579-001.mp3,5fi.sh/T80579
TAM,,Tamil,ทมิฬ,80580,LLL 2 Mighty Men of GOD,LLL 2 ผู้ได้รับอำนาจจากพระเจ้า,fivefish.org/T80580,https://files.globalrecordings.net/files/set/mp3-low/80580.zip,fivefish.org/T80580-001.mp3,5fi.sh/T80580
TAM,,Tamil,ทมิฬ,80581,LLL 3 Victory through GOD,LLL 3 ชัยชนะโดยพระเจ้า,fivefish.org/T80581,https://files.globalrecordings.net/files/set/mp3-low/80581.zip,fivefish.org/T80581-001.mp3,5fi.sh/T80581
TAM,,Tamil,ทมิฬ,80582,LLL 4 Servants of GOD,LLL 4 ผู้รับใช้ของพระเจ้า,fivefish.org/T80582,https://files.globalrecordings.net/files/set/mp3-low/80582.zip,fivefish.org/T80582-001.mp3,5fi.sh/T80582
TAM,,Tamil,ทมิฬ,80583,LLL 5 On Trial for GOD,LLL 5 การทดสอบเพื่อพระเจ้า,fivefish.org/T80583,https://files.globalrecordings.net/files/set/mp3-low/80583.zip,fivefish.org/T80583-001.mp3,5fi.sh/T80583
TAM,,Tamil,ทมิฬ,80584,LLL 6 JESUS - Teacher & Healer,LLL 6 พระเยซูเป็นผู้สอนและผู้รักษา,fivefish.org/T80584,https://files.globalrecordings.net/files/set/mp3-low/80584.zip,fivefish.org/T80584-001.mp3,5fi.sh/T80584
TAM,,Tamil,ทมิฬ,80585,LLL 7 JESUS - Lord & Saviour,LLL 7 พระเยซูเป็นพระเจ้าและพระผู้ช่วยให้รอด,fivefish.org/T80585,https://files.globalrecordings.net/files/set/mp3-low/80585.zip,fivefish.org/T80585-001.mp3,5fi.sh/T80585
TAM,,Tamil,ทมิฬ,80586,LLL 8 Acts of the HOLY SPIRIT,LLL 8 การงานของพระวิญญาณบริสุทธิ์,fivefish.org/T80586,https://files.globalrecordings.net/files/set/mp3-low/80586.zip,fivefish.org/T80586-001.mp3,5fi.sh/T80586
TAM,,Tamil,ทมิฬ,34070,Portrait of Jesus 1,ชีวิตของพระเยซู 1,fivefish.org/T34070,https://files.globalrecordings.net/files/set/mp3-low/34070.zip,fivefish.org/T34070-001.mp3,5fi.sh/T34070
TAM,,Tamil,ทมิฬ,34071,Portrait of Jesus 2,ชีวิตของพระเยซู 2,fivefish.org/T34071,https://files.globalrecordings.net/files/set/mp3-low/34071.zip,fivefish.org/T34071-001.mp3,5fi.sh/T34071
TAM,,Tamil,ทมิฬ,2790,Words of Life 1,พระคำแห่งชีวิต 1,fivefish.org/T2790,https://files.globalrecordings.net/files/set/mp3-low/2790.zip,fivefish.org/T2790-001.mp3,5fi.sh/T2790
TAM,,Tamil,ทมิฬ,2791,Words of Life 2,พระคำแห่งชีวิต 2,fivefish.org/T2791,https://files.globalrecordings.net/files/set/mp3-low/2791.zip,fivefish.org/T2791-001.mp3,5fi.sh/T2791
NAN,,Teochew,จีนแต้จิ๋ว,3411,Words of Life 1,พระคำแห่งชีวิต 1,fivefish.org/T3411,https://files.globalrecordings.net/files/set/mp3-low/3411.zip,fivefish.org/T3411-001.mp3,5fi.sh/T3411
NAN,,Teochew,จีนแต้จิ๋ว,18871,Believe in Jesus,เชื่อในพระเยซู,fivefish.org/T18871,https://files.globalrecordings.net/files/set/mp3-low/18871.zip,fivefish.org/T18871-001.mp3,5fi.sh/T18871
THA,,Thai Central,ไทยกลาง,3670,Everybody Ought to Know,เรื่องที่ทุกคนควรรู้,fivefish.org/T3670,https://files.globalrecordings.net/files/set/mp3-low/3670.zip,fivefish.org/T3670-001.mp3,5fi.sh/T3670
THA,,Thai Central,ไทยกลาง,74673,Good News (Short),ข่าวประเสริฐ (Short),fivefish.org/T74673,https://files.globalrecordings.net/files/set/mp3-low/74673.zip,fivefish.org/T74673-001.mp3,5fi.sh/T74673
THA,,Thai Central,ไทยกลาง,63629,Good News for Children,ข่าวประเสริฐ สำหรับเด็ก,fivefish.org/T63629,https://files.globalrecordings.net/files/set/mp3-low/63629.zip,fivefish.org/T63629-001.mp3,5fi.sh/T63629
THA,,Thai Central,ไทยกลาง,80501,LLL 1 Beginning with GOD,LLL 1 เริ่มต้นกับพระเจ้า,fivefish.org/T80501,https://files.globalrecordings.net/files/set/mp3-low/80501.zip,fivefish.org/T80501-001.mp3,5fi.sh/T80501
THA,,Thai Central,ไทยกลาง,80502,LLL 2 Mighty Men of GOD,LLL 2 ผู้ได้รับอำนาจจากพระเจ้า,fivefish.org/T80502,https://files.globalrecordings.net/files/set/mp3-low/80502.zip,fivefish.org/T80502-001.mp3,5fi.sh/T80502
THA,,Thai Central,ไทยกลาง,80503,LLL 3 Victory through GOD,LLL 3 ชัยชนะโดยพระเจ้า,fivefish.org/T80503,https://files.globalrecordings.net/files/set/mp3-low/80503.zip,fivefish.org/T80503-001.mp3,5fi.sh/T80503
THA,,Thai Central,ไทยกลาง,80504,LLL 4 Servants of GOD,LLL 4 ผู้รับใช้ของพระเจ้า,fivefish.org/T80504,https://files.globalrecordings.net/files/set/mp3-low/80504.zip,fivefish.org/T80504-001.mp3,5fi.sh/T80504
THA,,Thai Central,ไทยกลาง,80505,LLL 5 On Trial for GOD,LLL 5 การทดสอบเพื่อพระเจ้า,fivefish.org/T80505,https://files.globalrecordings.net/files/set/mp3-low/80505.zip,fivefish.org/T80505-001.mp3,5fi.sh/T80505
THA,,Thai Central,ไทยกลาง,80506,LLL 6 JESUS - Teacher & Healer,LLL 6 พระเยซูเป็นผู้สอนและผู้รักษา,fivefish.org/T80506,https://files.globalrecordings.net/files/set/mp3-low/80506.zip,fivefish.org/T80506-001.mp3,5fi.sh/T80506
THA,,Thai Central,ไทยกลาง,80507,LLL 7 JESUS - Lord & Saviour,LLL 7 พระเยซูเป็นพระเจ้าและพระผู้ช่วยให้รอด,fivefish.org/T80507,https://files.globalrecordings.net/files/set/mp3-low/80507.zip,fivefish.org/T80507-001.mp3,5fi.sh/T80507
THA,,Thai Central,ไทยกลาง,80508,LLL 8 Acts of the HOLY SPIRIT,LLL 8 การงานของพระวิญญาณบริสุทธิ์,fivefish.org/T80508,https://files.globalrecordings.net/files/set/mp3-low/80508.zip,fivefish.org/T80508-001.mp3,5fi.sh/T80508
THA,,Thai Central,ไทยกลาง,30120,Portrait of Jesus 1,ชีวิตของพระเยซู 1,fivefish.org/T30120,https://files.globalrecordings.net/files/set/mp3-low/30120.zip,fivefish.org/T30120-001.mp3,5fi.sh/T30120
THA,,Thai Central,ไทยกลาง,30121,Portrait of Jesus 2,ชีวิตของพระเยซู 2,fivefish.org/T30121,https://files.globalrecordings.net/files/set/mp3-low/30121.zip,fivefish.org/T30121-001.mp3,5fi.sh/T30121
THA,,Thai Central,ไทยกลาง,32420,Testimonies & Songs,คำพยาน & เพลง,fivefish.org/T32420,https://files.globalrecordings.net/files/set/mp3-low/32420.zip,fivefish.org/T32420-001.mp3,5fi.sh/T32420
KHB,,Thai Lu,ไทลื้อ,6851,Words of Life,พระคำแห่งชีวิต,fivefish.org/T6851,https://files.globalrecordings.net/files/set/mp3-low/6851.zip,fivefish.org/T6851-001.mp3,5fi.sh/T6851
TTS,,Thai Northeastern,ไทยอีสาน,33831,Good News,ข่าวประเสริฐ,fivefish.org/T33831,https://files.globalrecordings.net/files/set/mp3-low/33831.zip,fivefish.org/T33831-001.mp3,5fi.sh/T33831
TTS,,Thai Northeastern,ไทยอีสาน,2810,Words of Life 1,พระคำแห่งชีวิต 1,fivefish.org/T2810,https://files.globalrecordings.net/files/set/mp3-low/2810.zip,fivefish.org/T2810-001.mp3,5fi.sh/T2810
TTS,,Thai Northeastern,ไทยอีสาน,2811,Words of Life 2,พระคำแห่งชีวิต 2,fivefish.org/T2811,https://files.globalrecordings.net/files/set/mp3-low/2811.zip,fivefish.org/T2811-001.mp3,5fi.sh/T2811
NOD,,Thai Northern,ไทยเหนือ-กำเมือง,3031,Words of Life,พระคำแห่งชีวิต,fivefish.org/T3031,https://files.globalrecordings.net/files/set/mp3-low/3031.zip,fivefish.org/T3031-001.mp3,5fi.sh/T3031
SOU,,Thai Southern,ไทยใต้,78070,The Book of James; Epistle to Ephesians,พระธรรมยากอบ และพระธรรมเอเฟซัส,fivefish.org/T78070,https://files.globalrecordings.net/files/set/mp3-low/78070.zip,fivefish.org/T78070-001.mp3,5fi.sh/T78070
SOU,,Thai Southern,ไทยใต้,10920,Words of Life 1,พระคำแห่งชีวิต 1,fivefish.org/T10920,https://files.globalrecordings.net/files/set/mp3-low/10920.zip,fivefish.org/T10920-001.mp3,5fi.sh/T10920
SOU,,Thai Southern,ไทยใต้,27241,"Words of Life 2, Believing in God","พระคำแห่งชีวิต 2, เชื่อในพระเจ้า",fivefish.org/T27241,https://files.globalrecordings.net/files/set/mp3-low/27241.zip,fivefish.org/T27241-001.mp3,5fi.sh/T27241
SOU,,Thai Southern,ไทยใต้,25790,"Words of Life 3, Questions and Answers","พระคำแห่งชีวิต 3, คำถามและคำตอบ",fivefish.org/T25790,https://files.globalrecordings.net/files/set/mp3-low/25790.zip,fivefish.org/T25790-001.mp3,5fi.sh/T25790
SOU,,Thai Southern,ไทยใต้,25791,"Words of Life 4, Jesus Died for Us","พระคำแห่งชีวิต 4, พระเยซูสิ้นพระชนม์เพื่อเรา",fivefish.org/T25791,https://files.globalrecordings.net/files/set/mp3-low/25791.zip,fivefish.org/T25791-001.mp3,5fi.sh/T25791
SOU,,Thai Southern,ไทยใต้,78065,"Words of Life 5, Creation to Christ","พระคำแห่งชีวิต 5, ตั้งแต่การสร้างจนถึงพระคริสต์",fivefish.org/T78065,https://files.globalrecordings.net/files/set/mp3-low/78065.zip,fivefish.org/T78065-001.mp3,5fi.sh/T78065
SOU,,Thai Southern,ไทยใต้,78066,"Words of Life 6, Why Did Jesus Die?","พระคำแห่งชีวิต 6, ทำไมพระเยซูถึงสิ้นพระชนม์",fivefish.org/T78066,https://files.globalrecordings.net/files/set/mp3-low/78066.zip,fivefish.org/T78066-001.mp3,5fi.sh/T78066
SOU,,Thai Southern,ไทยใต้,78067,"Words of Life 7, Fear of Evil Spirits","พระคำแห่งชีวิต 7, กลัววิญญาณชั่ว",fivefish.org/T78067,https://files.globalrecordings.net/files/set/mp3-low/78067.zip,fivefish.org/T78067-001.mp3,5fi.sh/T78067
SOU,,Thai Southern,ไทยใต้,78068,"Words of Life 8, Life of Christ 1","พระคำแห่งชีวิต 8, ชีวิตของพระคริสต์ 1",fivefish.org/T78068,https://files.globalrecordings.net/files/set/mp3-low/78068.zip,fivefish.org/T78068-001.mp3,5fi.sh/T78068
SOU,,Thai Southern,ไทยใต้,78069,"Words of Life 9, Life of Christ 2","พระคำแห่งชีวิต 9, ชีวิตของพระคริสต์ 2",fivefish.org/T78069,https://files.globalrecordings.net/files/set/mp3-low/78069.zip,fivefish.org/T78069-001.mp3,5fi.sh/T78069
PRT,,Tin Eastern,ลัวะ ตะวันออก,6841,Words of Life,พระคำแห่งชีวิต,fivefish.org/T6841,https://files.globalrecordings.net/files/set/mp3-low/6841.zip,fivefish.org/T6841-001.mp3,5fi.sh/T6841
MLF,,Tin Western,ลัวะ ตะวันตก,10841,Words of Life,พระคำแห่งชีวิต,fivefish.org/T10841,https://files.globalrecordings.net/files/set/mp3-low/10841.zip,fivefish.org/T10841-001.mp3,5fi.sh/T10841
URK,,Urak Lawoi,อูรักลาโวจ,37634,"5 loaves, 2 fishes & good diet",ขนมปังห้าก้อน ปลาสองตัวและอาหาร,fivefish.org/T37634,https://files.globalrecordings.net/files/set/mp3-low/37634.zip,fivefish.org/T37634-001.mp3,5fi.sh/T37634
URK,,Urak Lawoi,อูรักลาโวจ,37629,Festivals & Prayer,เทศกาลและคำอธิษฐาน,fivefish.org/T37629,https://files.globalrecordings.net/files/set/mp3-low/37629.zip,fivefish.org/T37629-001.mp3,5fi.sh/T37629
URK,,Urak Lawoi,อูรักลาโวจ,37626,Freedom from Fear,อิสรภาพจากความกลัว,fivefish.org/T37626,https://files.globalrecordings.net/files/set/mp3-low/37626.zip,fivefish.org/T37626-001.mp3,5fi.sh/T37626
URK,,Urak Lawoi,อูรักลาโวจ,37635,Good Neighbour & Forgiveness,เพื่อนบ้านที่ดีและการให้อภัย,fivefish.org/T37635,https://files.globalrecordings.net/files/set/mp3-low/37635.zip,fivefish.org/T37635-001.mp3,5fi.sh/T37635
URK,,Urak Lawoi,อูรักลาโวจ,35660,Good News,ข่าวประเสริฐ,fivefish.org/T35660,https://files.globalrecordings.net/files/set/mp3-low/35660.zip,fivefish.org/T35660-001.mp3,5fi.sh/T35660
URK,,Urak Lawoi,อูรักลาโวจ,37628,Sea people & Value of Women,ชาวทะเลและคุณค่าของผู้หญิง,fivefish.org/T37628,https://files.globalrecordings.net/files/set/mp3-low/37628.zip,fivefish.org/T37628-001.mp3,5fi.sh/T37628
URK,,Urak Lawoi,อูรักลาโวจ,37636,Songs,เพลง,fivefish.org/T37636,https://files.globalrecordings.net/files/set/mp3-low/37636.zip,fivefish.org/T37636-001.mp3,5fi.sh/T37636
URK,,Urak Lawoi,อูรักลาโวจ,34990,Testimonies & Songs,คำพยาน & เพลง,fivefish.org/T34990,https://files.globalrecordings.net/files/set/mp3-low/34990.zip,fivefish.org/T34990-001.mp3,5fi.sh/T34990
URK,,Urak Lawoi,อูรักลาโวจ,37627,Victory over sin & Power of Unity,ชัยชนะเหนือบาปและพลังแห่งความสามัคคี,fivefish.org/T37627,https://files.globalrecordings.net/files/set/mp3-low/37627.zip,fivefish.org/T37627-001.mp3,5fi.sh/T37627
URK,,Urak Lawoi,อูรักลาโวจ,9410,Words of Life,พระคำแห่งชีวิต,fivefish.org/T9410,https://files.globalrecordings.net/files/set/mp3-low/9410.zip,fivefish.org/T9410-001.mp3,5fi.sh/T9410
URD,,Urdu,อูรดู,64433,Good News,ข่าวประเสริฐ,fivefish.org/T64433,https://files.globalrecordings.net/files/set/mp3-low/64433.zip,fivefish.org/T64433-001.mp3,5fi.sh/T64433
URD,,Urdu,อูรดู,74723,LLL 1 Beginning with GOD,LLL 1 เริ่มต้นกับพระเจ้า,fivefish.org/T74723,https://files.globalrecordings.net/files/set/mp3-low/74723.zip,fivefish.org/T74723-001.mp3,5fi.sh/T74723
URD,,Urdu,อูรดู,74724,LLL 2 Mighty Men of GOD,LLL 2 ผู้ได้รับอำนาจจากพระเจ้า,fivefish.org/T74724,https://files.globalrecordings.net/files/set/mp3-low/74724.zip,fivefish.org/T74724-001.mp3,5fi.sh/T74724
URD,,Urdu,อูรดู,74725,LLL 3 Victory through GOD,LLL 3 ชัยชนะโดยพระเจ้า,fivefish.org/T74725,https://files.globalrecordings.net/files/set/mp3-low/74725.zip,fivefish.org/T74725-001.mp3,5fi.sh/T74725
URD,,Urdu,อูรดู,74726,LLL 4 Servants of GOD,LLL 4 ผู้รับใช้ของพระเจ้า,fivefish.org/T74726,https://files.globalrecordings.net/files/set/mp3-low/74726.zip,fivefish.org/T74726-001.mp3,5fi.sh/T74726
URD,,Urdu,อูรดู,74727,LLL 5 On Trial for GOD,LLL 5 การทดสอบเพื่อพระเจ้า,fivefish.org/T74727,https://files.globalrecordings.net/files/set/mp3-low/74727.zip,fivefish.org/T74727-001.mp3,5fi.sh/T74727
URD,,Urdu,อูรดู,77480,LLL 6 JESUS - Teacher & Healer,LLL 6 พระเยซูเป็นผู้สอนและผู้รักษา,fivefish.org/T77480,https://files.globalrecordings.net/files/set/mp3-low/77480.zip,fivefish.org/T77480-001.mp3,5fi.sh/T77480
URD,,Urdu,อูรดู,77490,LLL 7 JESUS - Lord & Saviour,LLL 7 พระเยซูเป็นพระเจ้าและพระผู้ช่วยให้รอด,fivefish.org/T77490,https://files.globalrecordings.net/files/set/mp3-low/77490.zip,fivefish.org/T77490-001.mp3,5fi.sh/T77490
URD,,Urdu,อูรดู,77500,LLL 8 Acts of the HOLY SPIRIT,LLL 8 การงานของพระวิญญาณบริสุทธิ์,fivefish.org/T77500,https://files.globalrecordings.net/files/set/mp3-low/77500.zip,fivefish.org/T77500-001.mp3,5fi.sh/T77500
URD,,Urdu,อูรดู,64434,Lord Your Name Be Lifted High,ยกพระนามของพระเจ้าสูงสุด,fivefish.org/T64434,https://files.globalrecordings.net/files/set/mp3-low/64434.zip,fivefish.org/T64434-001.mp3,5fi.sh/T64434
URD,,Urdu,อูรดู,31590,Portrait of Jesus,ชีวิตของพระเยซู,fivefish.org/T31590,https://files.globalrecordings.net/files/set/mp3-low/31590.zip,fivefish.org/T31590-001.mp3,5fi.sh/T31590
URD,,Urdu,อูรดู,2781,Words of Life (H),พระคำแห่งชีวิต (H),fivefish.org/T2781,https://files.globalrecordings.net/files/set/mp3-low/2781.zip,fivefish.org/T2781-001.mp3,5fi.sh/T2781
URD,,Urdu,อูรดู,2740,Words of Life (M) 1,พระคำแห่งชีวิต (M) 1,fivefish.org/T2740,https://files.globalrecordings.net/files/set/mp3-low/2740.zip,fivefish.org/T2740-001.mp3,5fi.sh/T2740
URD,,Urdu,อูรดู,2741,Words of Life (M) 2,พระคำแห่งชีวิต (M) 2,fivefish.org/T2741,https://files.globalrecordings.net/files/set/mp3-low/2741.zip,fivefish.org/T2741-001.mp3,5fi.sh/T2741
VIE,,Vietnamese,เวียดนาม,12741,Good News,ข่าวประเสริฐ,fivefish.org/T12741,https://files.globalrecordings.net/files/set/mp3-low/12741.zip,fivefish.org/T12741-001.mp3,5fi.sh/T12741
VIE,,Vietnamese,เวียดนาม,37560,Jesus Story 1 of 2,เรื่องราวของพระเยซู 1 of 2,fivefish.org/T37560,https://files.globalrecordings.net/files/set/mp3-low/37560.zip,fivefish.org/T37560-001.mp3,5fi.sh/T37560
VIE,,Vietnamese,เวียดนาม,37561,Jesus Story 2 of 2,เรื่องราวของพระเยซู 2 of 2,fivefish.org/T37561,https://files.globalrecordings.net/files/set/mp3-low/37561.zip,fivefish.org/T37561-001.mp3,5fi.sh/T37561
VIE,,Vietnamese,เวียดนาม,30131,Portrait of Jesus,ชีวิตของพระเยซู,fivefish.org/T30131,https://files.globalrecordings.net/files/set/mp3-low/30131.zip,fivefish.org/T30131-001.mp3,5fi.sh/T30131
VIE,,Vietnamese,เวียดนาม,74687,Words of Life 2,พระคำแห่งชีวิต 2,fivefish.org/T74687,https://files.globalrecordings.net/files/set/mp3-low/74687.zip,fivefish.org/T74687-001.mp3,5fi.sh/T74687
VIE,,Vietnamese South,เวียดนามใต้,80424,LLL 1 Beginning with GOD,LLL 1 เริ่มต้นกับพระเจ้า,fivefish.org/T80424,https://files.globalrecordings.net/files/set/mp3-low/80424.zip,fivefish.org/T80424-001.mp3,5fi.sh/T80424
VIE,,Vietnamese South,เวียดนามใต้,80417,LLL 2 Mighty Men of GOD,LLL 2 ผู้ได้รับอำนาจจากพระเจ้า,fivefish.org/T80417,https://files.globalrecordings.net/files/set/mp3-low/80417.zip,fivefish.org/T80417-001.mp3,5fi.sh/T80417
VIE,,Vietnamese South,เวียดนามใต้,80423,LLL 3 Victory through GOD,LLL 3 ชัยชนะโดยพระเจ้า,fivefish.org/T80423,https://files.globalrecordings.net/files/set/mp3-low/80423.zip,fivefish.org/T80423-001.mp3,5fi.sh/T80423
VIE,,Vietnamese South,เวียดนามใต้,80418,LLL 4 Servants of GOD,LLL 4 ผู้รับใช้ของพระเจ้า,fivefish.org/T80418,https://files.globalrecordings.net/files/set/mp3-low/80418.zip,fivefish.org/T80418-001.mp3,5fi.sh/T80418
VIE,,Vietnamese South,เวียดนามใต้,80419,LLL 5 On Trial for GOD,LLL 5 การทดสอบเพื่อพระเจ้า,fivefish.org/T80419,https://files.globalrecordings.net/files/set/mp3-low/80419.zip,fivefish.org/T80419-001.mp3,5fi.sh/T80419
VIE,,Vietnamese South,เวียดนามใต้,80420,LLL 6 JESUS - Teacher & Healer,LLL 6 พระเยซูเป็นผู้สอนและผู้รักษา,fivefish.org/T80420,https://files.globalrecordings.net/files/set/mp3-low/80420.zip,fivefish.org/T80420-001.mp3,5fi.sh/T80420
VIE,,Vietnamese South,เวียดนามใต้,80421,LLL 7 JESUS - Lord & Saviour,LLL 7 พระเยซูเป็นพระเจ้าและพระผู้ช่วยให้รอด,fivefish.org/T80421,https://files.globalrecordings.net/files/set/mp3-low/80421.zip,fivefish.org/T80421-001.mp3,5fi.sh/T80421
VIE,,Vietnamese South,เวียดนามใต้,80422,LLL 8 Acts of the HOLY SPIRIT,LLL 8 การงานของพระวิญญาณบริสุทธิ์,fivefish.org/T80422,https://files.globalrecordings.net/files/set/mp3-low/80422.zip,fivefish.org/T80422-001.mp3,5fi.sh/T80422
BLR,,Yi Pula in Mengzi,ยี ปูลา เม่งจื๊อ,28831,Words of Life,พระคำแห่งชีวิต,fivefish.org/T28831,https://files.globalrecordings.net/files/set/mp3-low/28831.zip,fivefish.org/T28831-001.mp3,5fi.sh/T28831
BLR,,Yi Pula in Yuanyang,ยี ปูลา หยวนหยาง,28840,Words of Life (Eval),พระคำแห่งชีวิต (Eval),fivefish.org/T28840,https://files.globalrecordings.net/files/set/mp3-low/28840.zip,fivefish.org/T28840-001.mp3,5fi.sh/T28840
YNO,,Yong,ยอง,65100,Good News,ข่าวประเสริฐ,fivefish.org/T65100,https://files.globalrecordings.net/files/set/mp3-low/65100.zip,fivefish.org/T65100-001.mp3,5fi.sh/T65100
YOY,,Yoy,โย้ย,63896,LLL 1 Beginning with GOD,LLL 1 เริ่มต้นกับพระเจ้า,fivefish.org/T63896,https://files.globalrecordings.net/files/set/mp3-low/63896.zip,fivefish.org/T63896-001.mp3,5fi.sh/T63896
YOY,,Yoy,โย้ย,64996,LLL 2 Mighty Men of GOD,LLL 2 ผู้ได้รับอำนาจจากพระเจ้า,fivefish.org/T64996,https://files.globalrecordings.net/files/set/mp3-low/64996.zip,fivefish.org/T64996-001.mp3,5fi.sh/T64996
YOY,,Yoy,โย้ย,63897,LLL 4 Servants of GOD,LLL 4 ผู้รับใช้ของพระเจ้า,fivefish.org/T63897,https://files.globalrecordings.net/files/set/mp3-low/63897.zip,fivefish.org/T63897-001.mp3,5fi.sh/T63897
YOY,,Yoy,โย้ย,63898,LLL 6 JESUS - Teacher & Healer,LLL 6 พระเยซูเป็นผู้สอนและผู้รักษา,fivefish.org/T63898,https://files.globalrecordings.net/files/set/mp3-low/63898.zip,fivefish.org/T63898-001.mp3,5fi.sh/T63898
CMN,,Yunnanese,จีนยูนนาน,3241,Words of Life,พระคำแห่งชีวิต,fivefish.org/T3241,https://files.globalrecordings.net/files/set/mp3-low/3241.zip,fivefish.org/T3241-001.mp3,5fi.sh/T3241
,,,,,,,,,,
,,,,,,,,,,
,,,,,,,,,,
,,,,,,,,,,
,,,,,,,,,,
,,,,,,,,,,
,,,,,,,,,,
,,,,,,,,,,
,,,,,,,,,,
,,,,,,,,,,
,,,,,,,,,,
,,,,,,,,,,
,,,,,,,,,,
,,,,,,,,,,
,,,,,,,,,,
,,,,,,,,,,
,,,,,,,,,,
,,,,,,,,,,
,,,,,,,,,,
,,,,,,,,,,
,,,,,,,,,,
,,,,,,,,,,
,,,,,,,,,,
,,,,,,,,,,
,,,,,,,,,,
,,,,,,,,,,
,,,,,,,,,,
,,,,,,,,,,
,,,,,,,,,,
,,,,,,,,,,
,,,,,,,,,,
,,,,,,,,,,
,,,,,,,,,,
,,,,,,,,,,
,,,,,,,,,,
,,,,,,,,,,
,,,,,,,,,,
,,,,,,,,,,
,,,,,,,,,,
,,,,,,,,,,
,,,,,,,,,,
,,,,,,,,,,
,,,,,,,,,,
,,,,,,,,,,
,,,,,,,,,,
,,,,,,,,,,
,,,,,,,,,,
,,,,,,,,,,
,,,,,,,,,,
,,,,,,,,,,
,,,,,,,,,,
,,,,,,,,,,
,,,,,,,,,,
,,,,,,,,,,
,,,,,,,,,,
,,,,,,,,,,
,,,,,,,,,,
,,,,,,,,,,
,,,,,,,,,,
,,,,,,,,,,
,,,,,,,,,,
,,,,,,,,,,
,,,,,,,,,,
,,,,,,,,,,
,,,,,,,,,,
,,,,,,,,,,
,,,,,,,,,,
,,,,,,,,,,
,,,,,,,,,,
,,,,,,,,,,
,,,,,,,,,,
,,,,,,,,,,
,,,,,,,,,,
,,,,,,,,,,
,,,,,,,,,,
,,,,,,,,,,
,,,,,,,,,,
,,,,,,,,,,
,,,,,,,,,,
,,,,,,,,,,
,,,,,,,,,,
,,,,,,,,,,
,,,,,,,,,,
,,,,,,,,,,
,,,,,,,,,,
,,,,,,,,,,
,,,,,,,,,,
,,,,,,,,,,
,,,,,,,,,,
,,,,,,,,,,
,,,,,,,,,,
,,,,,,,,,,
,,,,,,,,,,
,,,,,,,,,,
,,,,,,,,,,
,,,,,,,,,,
,,,,,,,,,,
,,,,,,,,,,
,,,,,,,,,,
,,,,,,,,,,
,,,,,,,,,,
,,,,,,,,,,
,,,,,,,,,,
,,,,,,,,,,
,,,,,,,,,,
,,,,,,,,,,
,,,,,,,,,,
,,,,,,,,,,
,,,,,,,,,,
,,,,,,,,,,
,,,,,,,,,,
,,,,,,,,,,
,,,,,,,,,,
,,,,,,,,,,
,,,,,,,,,,
,,,,,,,,,,
,,,,,,,,,,
,,,,,,,,,,
,,,,,,,,,,
,,,,,,,,,,
,,,,,,,,,,
,,,,,,,,,,
,,,,,,,,,,
,,,,,,,,,,
,,,,,,,,,,
,,,,,,,,,,
,,,,,,,,,,
,,,,,,,,,,
,,,,,,,,,,
,,,,,,,,,,
,,,,,,,,,,
,,,,,,,,,,
,,,,,,,,,,
,,,,,,,,,,
,,,,,,,,,,
,,,,,,,,,,
,,,,,,,,,,
,,,,,,,,,,
,,,,,,,,,,
,,,,,,,,,,
,,,,,,,,,,
,,,,,,,,,,
,,,,,,,,,,
,,,,,,,,,,
,,,,,,,,,,
,,,,,,,,,,
,,,,,,,,,,
,,,,,,,,,,
,,,,,,,,,,
,,,,,,,,,,
,,,,,,,,,,
,,,,,,,,,,
,,,,,,,,,,
,,,,,,,,,,
,,,,,,,,,,
,,,,,,,,,,
,,,,,,,,,,
,,,,,,,,,,
,,,,,,,,,,
,,,,,,,,,,
,,,,,,,,,,
,,,,,,,,,,
,,,,,,,,,,
,,,,,,,,,,
,,,,,,,,,,
,,,,,,,,,,
,,,,,,,,,,
,,,,,,,,,,
,,,,,,,,,,
,,,,,,,,,,
,,,,,,,,,,
,,,,,,,,,,
,,,,,,,,,,
,,,,,,,,,,
,,,,,,,,,,
,,,,,,,,,,
,,,,,,,,,,
,,,,,,,,,,
,,,,,,,,,,
,,,,,,,,,,
,,,,,,,,,,
,,,,,,,,,,
,,,,,,,,,,
,,,,,,,,,,
,,,,,,,,,,
,,,,,,,,,,
,,,,,,,,,,
,,,,,,,,,,
,,,,,,,,,,
,,,,,,,,,,
,,,,,,,,,,
,,,,,,,,,,
,,,,,,,,,,
,,,,,,,,,,
,,,,,,,,,,
,,,,,,,,,,
,,,,,,,,,,
,,,,,,,,,,
,,,,,,,,,,
,,,,,,,,,,
,,,,,,,,,,
,,,,,,,,,,
,,,,,,,,,,
,,,,,,,,,,
,,,,,,,,,,
,,,,,,,,,,
,,,,,,,,,,
,,,,,,,,,,
,,,,,,,,,,
,,,,,,,,,,
,,,,,,,,,,
,,,,,,,,,,
,,,,,,,,,,
,,,,,,,,,,
,,,,,,,,,,
,,,,,,,,,,
,,,,,,,,,,
,,,,,,,,,,
,,,,,,,,,,
,,,,,,,,,,
,,,,,,,,,,
,,,,,,,,,,
,,,,,,,,,,
,,,,,,,,,,
,,,,,,,,,,
,,,,,,,,,,
,,,,,,,,,,
,,,,,,,,,,
,,,,,,,,,,
,,,,,,,,,,
,,,,,,,,,,
,,,,,,,,,,
,,,,,,,,,,
,,,,,,,,,,
,,,,,,,,,,
,,,,,,,,,,
,,,,,,,,,,
,,,,,,,,,,
,,,,,,,,,,
,,,,,,,,,,
,,,,,,,,,,
,,,,,,,,,,
,,,,,,,,,,
,,,,,,,,,,
,,,,,,,,,,
,,,,,,,,,,
,,,,,,,,,,
,,,,,,,,,,
,,,,,,,,,,
,,,,,,,,,,
,,,,,,,,,,
,,,,,,,,,,
,,,,,,,,,,
,,,,,,,,,,
,,,,,,,,,,
,,,,,,,,,,
,,,,,,,,,,
,,,,,,,,,,
,,,,,,,,,,
,,,,,,,,,,
,,,,,,,,,,
,,,,,,,,,,
,,,,,,,,,,
,,,,,,,,,,
,,,,,,,,,,
,,,,,,,,,,
,,,,,,,,,,
,,,,,,,,,,
,,,,,,,,,,
,,,,,,,,,,
,,,,,,,,,,
,,,,,,,,,,
,,,,,,,,,,
,,,,,,,,,,
,,,,,,,,,,
,,,,,,,,,,
,,,,,,,,,,
,,,,,,,,,,
,,,,,,,,,,
,,,,,,,,,,
,,,,,,,,,,
,,,,,,,,,,
,,,,,,,,,,
,,,,,,,,,,
,,,,,,,,,,
,,,,,,,,,,
,,,,,,,,,,
,,,,,,,,,,
,,,,,,,,,,
,,,,,,,,,,
,,,,,,,,,,
,,,,,,,,,,
,,,,,,,,,,
,,,,,,,,,,
,,,,,,,,,,
,,,,,,,,,,
,,,,,,,,,,
,,,,,,,,,,
,,,,,,,,,,
,,,,,,,,,,
,,,,,,,,,,
,,,,,,,,,,
,,,,,,,,,,
,,,,,,,,,,
,,,,,,,,,,
,,,,,,,,,,
,,,,,,,,,,
,,,,,,,,,,
,,,,,,,,,,
,,,,,,,,,,
,,,,,,,,,,
,,,,,,,,,,
,,,,,,,,,,
,,,,,,,,,,
,,,,,,,,,,
,,,,,,,,,,
,,,,,,,,,,
,,,,,,,,,,
,,,,,,,,,,
,,,,,,,,,,
,,,,,,,,,,
,,,,,,,,,,
,,,,,,,,,,
,,,,,,,,,,
,,,,,,,,,,
,,,,,,,,,,
,,,,,,,,,,
,,,,,,,,,,
,,,,,,,,,,
,,,,,,,,,,
,,,,,,,,,,
,,,,,,,,,,
,,,,,,,,,,
,,,,,,,,,,
,,,,,,,,,,
,,,,,,,,,,
,,,,,,,,,,
,,,,,,,,,,
,,,,,,,,,,
,,,,,,,,,,
,,,,,,,,,,
,,,,,,,,,,
,,,,,,,,,,
,,,,,,,,,,
,,,,,,,,,,
,,,,,,,,,,
,,,,,,,,,,
,,,,,,,,,,
,,,,,,,,,,
,,,,,,,,,,
,,,,,,,,,,
,,,,,,,,,,
,,,,,,,,,,
,,,,,,,,,,
,,,,,,,,,,
,,,,,,,,,,
,,,,,,,,,,
,,,,,,,,,,
,,,,,,,,,,
,,,,,,,,,,
,,,,,,,,,,
,,,,,,,,,,
,,,,,,,,,,
,,,,,,,,,,
,,,,,,,,,,
,,,,,,,,,,
,,,,,,,,,,
,,,,,,,,,,
,,,,,,,,,,
,,,,,,,,,,
,,,,,,,,,,
,,,,,,,,,,
,,,,,,,,,,
,,,,,,,,,,
,,,,,,,,,,
,,,,,,,,,,
,,,,,,,,,,
,,,,,,,,,,
,,,,,,,,,,
,,,,,,,,,,
,,,,,,,,,,
,,,,,,,,,,
,,,,,,,,,,
,,,,,,,,,,
,,,,,,,,,,
,,,,,,,,,,
,,,,,,,,,,
,,,,,,,,,,
,,,,,,,,,,
,,,,,,,,,,
,,,,,,,,,,
,,,,,,,,,,
,,,,,,,,,,
,,,,,,,,,,
,,,,,,,,,,
,,,,,,,,,,
,,,,,,,,,,
,,,,,,,,,,
,,,,,,,,,,
,,,,,,,,,,
,,,,,,,,,,
,,,,,,,,,,
,,,,,,,,,,
,,,,,,,,,,
,,,,,,,,,,
,,,,,,,,,,
,,,,,,,,,,
,,,,,,,,,,
,,,,,,,,,,
,,,,,,,,,,
,,,,,,,,,,
,,,,,,,,,,
,,,,,,,,,,
,,,,,,,,,,
,,,,,,,,,,
,,,,,,,,,,
,,,,,,,,,,
,,,,,,,,,,
,,,,,,,,,,
,,,,,,,,,,
,,,,,,,,,,
,,,,,,,,,,
,,,,,,,,,,
,,,,,,,,,,
,,,,,,,,,,
,,,,,,,,,,
,,,,,,,,,,
,,,,,,,,,,
,,,,,,,,,,
,,,,,,,,,,
,,,,,,,,,,
,,,,,,,,,,
,,,,,,,,,,
,,,,,,,,,,
,,,,,,,,,,
,,,,,,,,,,
,,,,,,,,,,
,,,,,,,,,,
,,,,,,,,,,
,,,,,,,,,,
,,,,,,,,,,
,,,,,,,,,,
,,,,,,,,,,
,,,,,,,,,,
,,,,,,,,,,
,,,,,,,,,,
,,,,,,,,,,
,,,,,,,,,,
,,,,,,,,,,
,,,,,,,,,,
,,,,,,,,,,
,,,,,,,,,,
,,,,,,,,,,
,,,,,,,,,,
,,,,,,,,,,
,,,,,,,,,,
,,,,,,,,,,
,,,,,,,,,,
,,,,,,,,,,
,,,,,,,,,,
,,,,,,,,,,
,,,,,,,,,,
,,,,,,,,,,
,,,,,,,,,,
,,,,,,,,,,
,,,,,,,,,,
,,,,,,,,,,
,,,,,,,,,,
,,,,,,,,,,
,,,,,,,,,,
,,,,,,,,,,
,,,,,,,,,,
,,,,,,,,,,
,,,,,,,,,,
,,,,,,,,,,
,,,,,,,,,,
,,,,,,,,,,
,,,,,,,,,,
,,,,,,,,,,
,,,,,,,,,,
,,,,,,,,,,
,,,,,,,,,,
,,,,,,,,,,
,,,,,,,,,,
,,,,,,,,,,
,,,,,,,,,,
,,,,,,,,,,
,,,,,,,,,,
,,,,,,,,,,
,,,,,,,,,,
,,,,,,,,,,
,,,,,,,,,,
,,,,,,,,,,
,,,,,,,,,,
,,,,,,,,,,
,,,,,,,,,,
,,,,,,,,,,
,,,,,,,,,,
,,,,,,,,,,
,,,,,,,,,,
,,,,,,,,,,
,,,,,,,,,,
,,,,,,,,,,
,,,,,,,,,,
,,,,,,,,,,
,,,,,,,,,,
,,,,,,,,,,
,,,,,,,,,,
,,,,,,,,,,
,,,,,,,,,,
,,,,,,,,,,
,,,,,,,,,,
,,,,,,,,,,
,,,,,,,,,,
,,,,,,,,,,
,,,,,,,,,,
,,,,,,,,,,
,,,,,,,,,,
,,,,,,,,,,
,,,,,,,,,,
,,,,,,,,,,
,,,,,,,,,,
,,,,,,,,,,
,,,,,,,,,,
,,,,,,,,,,
,,,,,,,,,,
,,,,,,,,,,
,,,,,,,,,,
,,,,,,,,,,
,,,,,,,,,,
,,,,,,,,,,
,,,,,,,,,,
,,,,,,,,,,
,,,,,,,,,,
,,,,,,,,,,
,,,,,,,,,,
,,,,,,,,,,
,,,,,,,,,,
,,,,,,,,,,
,,,,,,,,,,
,,,,,,,,,,
,,,,,,,,,,
,,,,,,,,,,
,,,,,,,,,,
,,,,,,,,,,
,,,,,,,,,,
,,,,,,,,,,
,,,,,,,,,,
,,,,,,,,,,
,,,,,,,,,,
,,,,,,,,,,
,,,,,,,,,,
,,,,,,,,,,
,,,,,,,,,,
,,,,,,,,,,
,,,,,,,,,,
,,,,,,,,,,
,,,,,,,,,,
,,,,,,,,,,
,,,,,,,,,,
,,,,,,,,,,
,,,,,,,,,,
,,,,,,,,,,
,,,,,,,,,,
,,,,,,,,,,
,,,,,,,,,,
,,,,,,,,,,
,,,,,,,,,,
,,,,,,,,,,
,,,,,,,,,,
,,,,,,,,,,
,,,,,,,,,,
,,,,,,,,,,
,,,,,,,,,,
,,,,,,,,,,
,,,,,,,,,,
,,,,,,,,,,
,,,,,,,,,,
,,,,,,,,,,
,,,,,,,,,,
,,,,,,,,,,
,,,,,,,,,,
,,,,,,,,,,
,,,,,,,,,,
,,,,,,,,,,
,,,,,,,,,,
,,,,,,,,,,
,,,,,,,,,,
,,,,,,,,,,
,,,,,,,,,,
,,,,,,,,,,
,,,,,,,,,,
,,,,,,,,,,
,,,,,,,,,,
,,,,,,,,,,
,,,,,,,,,,
,,,,,,,,,,
,,,,,,,,,,
,,,,,,,,,,
,,,,,,,,,,
,,,,,,,,,,
,,,,,,,,,,
,,,,,,,,,,
,,,,,,,,,,
,,,,,,,,,,
,,,,,,,,,,
,,,,,,,,,,
,,,,,,,,,,
,,,,,,,,,,
,,,,,,,,,,
,,,,,,,,,,
,,,,,,,,,,
,,,,,,,,,,
,,,,,,,,,,
,,,,,,,,,,
,,,,,,,,,,
,,,,,,,,,,
,,,,,,,,,,
,,,,,,,,,,
,,,,,,,,,,
,,,,,,,,,,
,,,,,,,,,,
,,,,,,,,,,
,,,,,,,,,,
,,,,,,,,,,
,,,,,,,,,,
,,,,,,,,,,
,,,,,,,,,,
,,,,,,,,,,
,,,,,,,,,,
,,,,,,,,,,
,,,,,,,,,,
,,,,,,,,,,
,,,,,,,,,,
,,,,,,,,,,
,,,,,,,,,,
,,,,,,,,,,
,,,,,,,,,,
,,,,,,,,,,
,,,,,,,,,,
,,,,,,,,,,
,,,,,,,,,,
,,,,,,,,,,
,,,,,,,,,,
,,,,,,,,,,
,,,,,,,,,,
,,,,,,,,,,
,,,,,,,,,,
,,,,,,,,,,
,,,,,,,,,,
,,,,,,,,,,
,,,,,,,,,,
,,,,,,,,,,
,,,,,,,,,,
,,,,,,,,,,
,,,,,,,,,,
,,,,,,,,,,
,,,,,,,,,,
,,,,,,,,,,
,,,,,,,,,,
,,,,,,,,,,
,,,,,,,,,,
,,,,,,,,,,
,,,,,,,,,,
,,,,,,,,,,
,,,,,,,,,,
,,,,,,,,,,
,,,,,,,,,,
,,,,,,,,,,
,,,,,,,,,,
,,,,,,,,,,
,,,,,,,,,,
,,,,,,,,,,
,,,,,,,,,,
,,,,,,,,,,
,,,,,,,,,,
,,,,,,,,,,
,,,,,,,,,,
,,,,,,,,,,
,,,,,,,,,,
,,,,,,,,,,
,,,,,,,,,,
,,,,,,,,,,
,,,,,,,,,,
,,,,,,,,,,
,,,,,,,,,,
,,,,,,,,,,
,,,,,,,,,,
,,,,,,,,,,
,,,,,,,,,,
,,,,,,,,,,
,,,,,,,,,,
,,,,,,,,,,
,,,,,,,,,,
,,,,,,,,,,
,,,,,,,,,,
,,,,,,,,,,
,,,,,,,,,,
,,,,,,,,,,
,,,,,,,,,,
,,,,,,,,,,
,,,,,,,,,,
,,,,,,,,,,
,,,,,,,,,,
,,,,,,,,,,
,,,,,,,,,,
,,,,,,,,,,
,,,,,,,,,,
,,,,,,,,,,
,,,,,,,,,,
,,,,,,,,,,
,,,,,,,,,,
,,,,,,,,,,
,,,,,,,,,,
,,,,,,,,,,
,,,,,,,,,,
,,,,,,,,,,
,,,,,,,,,,
,,,,,,,,,,
,,,,,,,,,,
,,,,,,,,,,
,,,,,,,,,,
,,,,,,,,,,
,,,,,,,,,,
,,,,,,,,,,
,,,,,,,,,,
,,,,,,,,,,
,,,,,,,,,,
,,,,,,,,,,
,,,,,,,,,,
,,,,,,,,,,
,,,,,,,,,,
,,,,,,,,,,
,,,,,,,,,,
,,,,,,,,,,
,,,,,,,,,,
,,,,,,,,,,
,,,,,,,,,,
,,,,,,,,,,
,,,,,,,,,,
,,,,,,,,,,
,,,,,,,,,,
,,,,,,,,,,
,,,,,,,,,,
,,,,,,,,,,
,,,,,,,,,,
,,,,,,,,,,
,,,,,,,,,,
,,,,,,,,,,
,,,,,,,,,,
,,,,,,,,,,
,,,,,,,,,,
,,,,,,,,,,
,,,,,,,,,,
,,,,,,,,,,
,,,,,,,,,,
,,,,,,,,,,
,,,,,,,,,,
,,,,,,,,,,
,,,,,,,,,,
,,,,,,,,,,
,,,,,,,,,,
,,,,,,,,,,
,,,,,,,,,,
,,,,,,,,,,
,,,,,,,,,,
,,,,,,,,,,
,,,,,,,,,,
,,,,,,,,,,
,,,,,,,,,,
,,,,,,,,,,
,,,,,,,,,,
,,,,,,,,,,
,,,,,,,,,,
,,,,,,,,,,
,,,,,,,,,,
,,,,,,,,,,
,,,,,,,,,,
,,,,,,,,,,
,,,,,,,,,,
,,,,,,,,,,
,,,,,,,,,,
,,,,,,,,,,
,,,,,,,,,,
,,,,,,,,,,
,,,,,,,,,,
,,,,,,,,,,
,,,,,,,,,,
,,,,,,,,,,
,,,,,,,,,,
,,,,,,,,,,
,,,,,,,,,,
,,,,,,,,,,
,,,,,,,,,,
,,,,,,,,,,
,,,,,,,,,,
,,,,,,,,,,
,,,,,,,,,,
,,,,,,,,,,
,,,,,,,,,,
,,,,,,,,,,
,,,,,,,,,,
,,,,,,,,,,
,,,,,,,,,,
,,,,,,,,,,
,,,,,,,,,,
,,,,,,,,,,
,,,,,,,,,,
,,,,,,,,,,
,,,,,,,,,,
,,,,,,,,,,
,,,,,,,,,,
,,,,,,,,,,
,,,,,,,,,,
,,,,,,,,,,
,,,,,,,,,,
,,,,,,,,,,
,,,,,,,,,,
,,,,,,,,,,
,,,,,,,,,,
,,,,,,,,,,
,,,,,,,,,,
,,,,,,,,,,
,,,,,,,,,,
,,,,,,,,,,
,,,,,,,,,,
,,,,,,,,,,
,,,,,,,,,,
,,,,,,,,,,
,,,,,,,,,,
,,,,,,,,,,
,,,,,,,,,,
,,,,,,,,,,
,,,,,,,,,,
,,,,,,,,,,
,,,,,,,,,,
